id,code,name,level,longitude,latitude
CAAuzbg7IFd,WAU-WE3-AHFL,AIDS Health Foundation (AHF) Clinic,5,-13.264702999999999,8.485115
zM81ZXCn4Ml,WAU-WE2-AMEL,AMI Expeditionary Healthcare Clinic,5,-13.246324,8.472140999999999
phtyLB0ZfIz,WAU-EA3-AWAP,AWAKE CHP,5,-13.153580000000002,8.420162999999999
dar4XkzRmN0,WAU-WE3-ABEH,Aberdeen Women Centre Hospital,5,-13.287780000000001,8.49314
GvZ4yXIjxsY,WAU-CE1-ABEH,Abernita Hospital,5,-13.2316,8.4902
Dq86w8tvw1h,WAU-EA3-ADBM,Ad-Bangs Quarry MCHP,5,-13.18031,8.439451
waE3sdkY7ha,KON-KOC-ADAC,Adama Martha Memorial CHC,5,-10.98625,8.64858
OWlc4mW2hSs,WAR-YOR-ADOP,Adonkia CHP,5,-13.267310000000002,8.415735
jRubpdIY41X,WAR-WAT-ADRH,Adra Hospital,5,-13.073018,8.335811999999999
dsmi7uEIEEn,WAU-WE1-AHEL,Affordable Health Clinic,5,-13.247976,8.472608
dvZ1imj28ID,WAR-WAT-ACFL,African Christian Fellowship (ACF) Clinic,5,-13.073340000000002,8.315382999999999
QufUhEroWkb,KEN-KEC-AFRL,African Muslim Agency Clinic,5,-11.201927,7.861533
r7HlpPKHfWW,BOO-BOC-AGAP,Agape Way CHC,5,-11.735990000000001,7.946332999999999
NXPBaEbfw1g,KAM-MAG-AHML,Ahmadiyya Mission Clinic,5,-12.9487,9.0131
PYbt1FIe0Sp,KEN-KEC-AHMH,Ahmadiyya Muslim (Nongowa) Hospital,5,-11.188,7.8881000000000006
rfK14JAVwtU,TON-YMM-AHMH,Ahmadiyya Muslim (Yoni Mamala) Hospital,5,-12.2231,8.466
jgKElj4o4a6,WAU-EA3-ALKP,Al-Khatab CHC,5,-13.159,8.429400000000001
NfNrXmkJa9D,WAU-WE3-ALSL,Al-Sheefa Arab Clinic,5,-13.280992999999999,8.492080000000001
BjS2nFPpFlX,PLT-KAF-ALML,Alimamy Amara Clinic,5,-13.223491,8.641028
gZpSPgbuBVd,KOI-KAL-ALKC,Alkalia CHC,5,-11.388237,9.147955
FFDoJvNboOc,WAU-EA3-ALLC,Allen Town CHC,5,-13.15497,8.417641
GfkWK0go9uI,WAU-EA3-APPP,Approved School CHC,5,-13.176223,8.459138
B2Y54XPyuNi,WAU-EA3-ACTL,Arab (Calaba Town) Clinic,5,-13.159322999999999,8.437413
qQ5roexARjf,WAU-WE2-ARDL,Arab (Dwarzak) Clinic,5,-13.230822,8.465105
INoXk23GwzC,PLT-KAF-ARAL,Arab (Lungi) Clinic,5,-13.175666999999999,8.599548
kvu9bmdsP4k,PLT-MAR-ARAL,Arab (Lunsar) Clinic,5,-12.532116,8.683050999999999
VXPm9R7GRLq,BOM-BOM-ARAL,Arab (Makeni) Clinic,5,-12.0512,8.861167
iUPBRkXmT8b,PLT-PLC-ARAL,Arab (Port Loko) Clinic,5,-12.790897,8.77011
ereG8e7Qx09,KOI-SEN-ARSL,Arab (Sengbeh) Clinic,5,-11.550804999999999,9.594517
mUmwxxBKx3I,WAU-EA2-ARSL,Arab (Shad) Clinic,5,-13.222031999999999,8.489827
wDChzCfqaXt,WAU-EA3-ARSL,Arab (Shell) Clinic,5,-13.189152,8.475562
khdrSKbQVEe,PLT-TAI-ASHM,Asheea MCHP,5,-12.592964,8.880528
TYTDJOikSBa,BOO-BOC-ETHC,Athel CHP,5,-11.723730999999999,7.932595999999999
k5qLtwbMxwV,KEN-WAN-BAAC,Baama CHC,5,-11.332740000000001,8.358403
DDEZcdYY7Zv,PLT-LOK-BABC,Babara CHC,5,-13.131760000000002,8.829391
OYB4r8Ess1c,KOI-DIA-BADM,Badala MCHP,5,-11.54044,9.318617999999999
V5pqLY1TQC3,KOI-WWB-BAFC,Bafodia CHC,5,-11.73178,9.684049
mjr7fbUFP93,PLT-KAF-BAIH,Bai Bureh Memorial Hospital,5,-13.19955,8.60083
v7grvTXSGvs,MOY-KOR-BAIM,Bai-Largo CHP,5,-12.156600000000001,8.280774
F7rKI2wvyCE,KON-TAN-BAIC,Baiama CHC,5,-10.967720000000002,8.516670000000001
q8y4sU9Mia6,KAI-MAN-BAIP,Baiima CHP,5,-10.7692,8.034
NQpLWIjmmWY,PLT-LOK-BAIP,Bailor CHP,5,-13.237449,8.829709
Okm183b1WrM,KAI-DEA-BAIP,Baiwala CHP,5,-10.6477,7.9957
qvWcLr7TJxy,TON-YMB-BAKP,Bakeloko CHP,5,-12.29334,8.395662999999999
gXJVdraaupo,KEN-GOR-BAMP,Bambara Kaima CHP,5,-11.323310000000001,8.470632
nXK6UiYfDl9,KEN-WAN-BAMM,Bambara MCHP,5,-11.34445,8.316353
Om2HQroIXyd,KEN-NON-BAMM,Bambawo MCHP,5,-11.131587999999999,8.008631
ygC3jdYzXsO,MOY-DAS-BAMM,Bambuibu Tommy MCHP,5,-12.162500000000001,7.9794
PvIy5sU4mKs,KOI-SEN-BAMP,Bambukoro CHP,5,-11.4031,9.546230999999999
UiJEdctL1Dq,FAL-BAR-BANP,Banadakafaia CHP,5,-11.299404,9.359403
lMpYKdKXLWs,WAR-YOR-BANM,Banana Island MCHP,5,-13.164302999999999,8.17566
wbiygLu9tid,KAI-YAW-BANC,Bandajuma CHC,5,-10.848545,8.310158999999999
fqHRggbef8m,KAI-NJA-BANP,Bandajuma Kpolihun CHP,5,-10.89816,8.0229
tvBrm8tNhGy,BOO-KAK-BANM,Bandajuma MCHP,5,-11.666293,7.942877999999999
VuVUKHESDPN,KAI-LUA-BANM,Bandajuma Sinneh MCHP,5,-10.5854,8.2211
TZDwEx3o04g,PUJ-SOW-BANC,Bandajuma Sowa CHC,5,-11.6522,7.5724
DdGDA4FmRqQ,KON-GBA-BANM,Bandama (Gbane) MCHP,5,-10.875924999999999,8.393265
ZOHjY5n9eTT,FAL-KUL-BAEP,Bandapirie CHP,5,-10.737582999999999,8.940211
BCnDvAuxUou,PUJ-BAR-BANC,Bandasuma (Barri) CHC,5,-11.408800000000001,7.36922
uGjmcf7MpD0,KON-FIA-BANP,Bandasuma (Fiama) CHP,5,-10.798300000000001,8.6966
g9msJuVUHCx,KON-SOA-BANM,Bandasuma (Soa) MCHP,5,-10.709650000000002,8.52682
u3sDP2OpeHG,KEN-NIA-BARM,Bandawor MCHP,5,-11.366610000000001,7.761496999999999
S6R0Syx3h7u,KON-SAN-BANP,Bangambaya CHP,5,-11.17134,8.81742
aggov6JF3hT,PUJ-YKK-BANM,Bangorma MCHP,5,-11.84243,7.22383
nMd5fXEbAxX,KAM-MUN-BANM,Banka Makuloh MCHP,5,-12.723664,9.151712999999999
IDgJfIKSZs3,KEN-KOY-BAOC,Baoma (Koya) CHC,5,-11.30362,7.5520629999999995
wyufK9N7wkW,KAI-LUA-BAOP,Baoma (Luawa) CHP,5,-10.655607,8.274148
NBa0CuQ1xNX,KEN-KAN-BAMC,Baoma Oil Mill CHC,5,-11.328178,8.0421
yA4XvYXtIRl,BOO-BAO-BAOP,Baoma Station CHP,5,-11.438120000000001,7.929237
zHDk9w0QHsA,BOO-VAL-BAOC,Baomahun CHC,5,-11.667560000000002,8.416606
zdH9lNjEfxH,PLT-MAR-BAEH,Baptist Eye Hospital,5,-12.528284999999999,8.695860000000001
BuV5C29QIDE,KAM-SAM-BAPP,Bapuya CHP,5,-13.11049,9.00868
WNyY80gBODH,KAM-KON-BARM,Barakuya MCHP,5,-12.639429,9.458154
qfAwRcPo8Vi,BOO-BAG-BARM,Barlie MCHP,5,-11.585550000000001,8.019674
iDZAvfdXhAC,PLT-KAS-BARP,Barmoi CHP,5,-12.630127,8.986008
K5UYizTgetU,KAM-MAG-BARP,Barmoi Luma CHP,5,-12.913402,9.040462
RZ4ttffvJlH,KAM-MUN-BARC,Barmoi Munu CHC,5,-12.749874,9.091948
e1XREqldbQS,PUJ-KPN-BASM,Basalleh MCHP,5,-11.792902,7.3180179999999995
eaN7Kql9Vua,TON-DAN-BASM,Bassaia MCHP,5,-11.758640000000002,8.951478
y5LYCkDQGy4,KAR-GOR-BATC,BatKanu CHC,5,-12.415840000000001,9.07334
YhxdQVEbivq,BON-NON-BATP,Batahall CHP,5,-12.175891,7.369
uiURgaWAa0Z,TON-YMB-BATM,Bath Bana MCHP,5,-12.448616999999999,8.334776999999999
s5PtR2aCIde,BOO-WON-BATM,Bathurst CHP,5,-11.673102,7.634627999999999
TCe2cuj5G1U,BOO-BOC-BATM,Batiama Layout MCHP,5,-11.715990000000001,7.972395
jItgItzKKxY,MOY-KON-BAUC,Bauya (Kongbora) CHC,5,-12.570920000000001,8.190797
w8YtI0GOOAI,KAI-KIT-BAYP,Bayama (Kissi Teng) CHP,5,-10.44618,8.308978999999999
o46Ub8ts8jg,PUJ-KPK-BAYM,Bayama MCHP,5,-11.72586,7.408290000000001
fhhg3vXsdmq,KEN-TUN-BELP,Belebu CHP,5,-11.04282,7.605700000000001
jSQliexJKwv,MOY-BUM-BELP,Belletin CHP,5,-12.761470000000001,8.101745
U7ZfqX5Lk0K,BON-BEN-BENC,Bendu (Bendu-Cha) CHC,5,-12.454471,7.490170000000001
kg76POZW71d,MOY-KOW-BENM,Bendu (Kowa) MCHP,5,-12.021789,8.027895
K7SMa7m9pLO,KEN-MAL-BEMC,Bendu (Malegohun) CHC,5,-10.970500000000001,8.100100000000001
GirtSZjyfaM,PUJ-MAL-BEMM,Bendu (Malen) MCHP,5,-11.821289,7.578078
ejYQ1YaGB5C,KAI-YAW-BENP,Bendu CHP,5,-10.82019,8.312065
agSnPLbCpZZ,TON-SAM-BENC,Bendugu CHC,5,-11.494280000000002,9.063130000000001
d5Y98HRfVpE,BOO-BAG-BENM,Benduma (Bagbwe) MCHP,5,-11.52166,8.026164
co43HKqIA1P,KEN-MAL-BENM,Benduma (Malegohun) MCHP,5,-10.891760000000001,8.230557
Q5cp8S0H6Ov,BON-KWA-BENC,Benduma CHC,5,-11.9643,7.267
Pt8meQPbGtM,PUJ-MAS-BENM,Bengani MCHP,5,-11.906270000000001,7.176340000000001
tomtmexPK4X,WAR-WAT-BENM,Benguema Grassfield MCHP,5,-13.076950000000002,8.325700000000001
xUq0Luxai3G,WAR-WAT-BENL,Benguema Military (MI Room) Clinic,5,-13.072778,8.321389
tWi9XVPNNue,MOY-BAG-BENM,Benkeh MCHP,5,-12.53696,7.8304800000000006
VY6JejMbkIB,PLT-KAM-BENM,Benkia MCHP,5,-12.89957,8.655315
MZBwl470nTO,WAR-YOR-BETL,Bethlehem Clinic,5,-13.269776,8.433676
VRZHggViWnb,WAU-EA2-BEHL,Better Health Clinic,5,-13.218060000000001,8.483258
AmyjzBGeYyQ,BOM-SAF-BINC,Binkolo CHC,5,-11.982142999999999,8.950137
u34i4oz5KWx,WAR-WAT-BIOL,Biola Wright Memorial Clinic,5,-13.095697,8.364601
b3FJwsb4WyN,KEN-SMA-BLAC,Blama CHC,5,-11.34655,7.871858
TM6vorvpF1z,PUJ-GAL-BLAC,Blama Massaquoi CHC,5,-11.635641999999999,7.349200000000001
IgLqMpgjdJg,PUJ-PER-BLAM,Blama Perri MCHP,5,-11.504240000000001,7.295477
w7CLEpq3zRD,PUJ-KPN-BLPM,Blama Puilla MCHP,5,-11.819970999999999,7.3578719999999995
fcupedn79pQ,BOO-BAO-BLAM,Blamawo MCHP,5,-11.522170000000001,7.949764999999999
HGCATTvAQi9,WAU-CE1-BLEP,Blessed Mokaba Central CHP,5,-13.229510999999999,8.485510000000001
MAbVcVDQLnB,WAU-EA3-BLEL,Blessed Mokaba East Clinic,5,-13.159080000000001,8.437897999999999
H2J2Z8xrc5s,WAU-WE2-BLUH,Blue Shield Hospital,5,-13.253241,8.480153
YnuW2z7qnpp,BOO-KAK-KACH,Bo Childrens Hospital,5,-11.76477,7.987972999999999
YlNHvcYybsg,BOO-BOC-BOGH,Bo Government Hospital,5,-11.742820000000002,7.9638800000000005
VqG1ZZL6xw7,BOO-BOC-BSBP,Bo School Bay CHP,5,-11.743267999999999,7.962361
CPHg9BFMjCt,KEN-SIM-BOAC,Boajibu CHC,5,-11.34218,8.18706
uIxAcSorfth,WAU-CE1-BOJL,Bojojo Clinic,5,-13.230376999999999,8.485081
PzyLDYdula7,KAI-UPB-BOMP,Bomaru CHP,5,-10.626477999999999,8.015367
d89l0fgtquq,BOM-MAC-BOMC,Bombali Police CHC,5,-12.053220000000001,8.878394
g7moAp91n7a,KAI-JAW-BOMM,Bombohun MCHP,5,-10.837330000000001,7.959295
N55rnCinTwB,KON-FIA-BOMP,Bombordu CHP,5,-10.861488999999999,8.621917999999999
Tjzhi8pnalM,PUJ-PER-BOMM,Bomi MCHP,5,-11.526050000000001,7.245043
aVtRYWIscsk,KEN-LOW-BOMM,Bomie MCHP,5,-11.05245,8.22494
WxQt08RcVAS,MOY-TIM-BOMC,Bomotoke CHC,5,-12.654784999999999,7.818760999999999
sen2Bm9UpBR,PUJ-KPN-BOMM,Bomu Samba MCHP,5,-11.641160000000001,7.436465999999999
CuE54xKN0M9,PUJ-FUP-BONM,Bongay MCHP,5,-11.51758,7.524143
tVNtvDfmxlS,BOO-BUM-BONM,Bongor (Bumpe Ngao) MCHP,5,-11.98698,7.772621
aZ0V4QXO18J,KEN-KOY-BONM,Bongor (Koya) MCHP,5,-11.289620000000001,7.610119
SDg35j6muTF,TON-YMM-BONP,Bonkababay CHP,5,-12.21226,8.356805999999999
w4aRCw29MBJ,BON-BOU-BONH,Bonthe Government Hospital,5,-12.506458,7.529294999999999
Z3nisabJpZx,BON-BOU-BONL,Bonthe Under Fives Clinic,5,-12.5024,7.529134
E9jgaM4D86H,BOO-LUG-BONM,Bontiwo MCHP,5,-11.812170000000002,7.682042999999999
YJ7W9WPhSr9,WAR-WAT-BORL,Borah Maternity Clinic,5,-13.091899,8.369239
TbuwwcPkaIE,PUJ-KPK-BORM,Borborbu MCHP,5,-11.673968,7.401255
q3CmtqO4JzJ,PUJ-YKK-BORM,Borma (Yakemu Kpukumu) MCHP,5,-11.757470000000001,7.171990000000001
OjUmGpjcg3y,KON-GBE-BORP,Boroma CHP,5,-10.945580000000001,8.666820000000001
LJ9DteQOWIN,KAR-GBA-BORM,Borongoh Makarankay MCHP,5,-12.373890000000001,9.248768
Vu4BR7fjixH,MOY-RIB-BRAC,Bradford CHC,5,-12.747701,8.291551
zms8QlLcMWP,BOM-MAC-BRAH,Branda Medical Centre Hospital,5,-12.023268999999999,8.855523999999999
XIkFks6KNbB,BOO-BOC-BREM,Breakthrough MCHP,5,-11.742037,7.946515
sVcW6ULu9jl,BOO-BOC-BRIP,Brima Town CHP,5,-11.755880000000001,7.962541
O3QfnZzHYUx,KAM-TON-BUBM,Bubuya MCHP,5,-12.715451999999999,9.246114
IWIXPmrjznn,KAI-KIS-BUEC,Buedu CHC,5,-10.372097,8.275682
fg1YbsySsK4,BOO-BAR-BUKM,Bum Kaku MCHP,5,-11.877486,7.505273
rW2vVbBekod,BOO-BUM-BUMM,Buma MCHP,5,-11.97404,7.739233
mbahtJOSiBw,BOM-BIR-BUMP,Bumban CHP,5,-11.9099,9.0709
Ug3WsboBryq,BOM-BIR-BUMM,Bumbanday MCHP,5,-12.004800000000001,9.0892
vOFLYLhxD9Y,PUJ-FUP-BUMM,Bumbeh MCHP,5,-11.56417,7.490482
hf6uyyIqgGz,FAL-NYE-BUMM,Bumbukoro CHC,5,-10.987537,9.292380000000001
XHNDxgfmBSx,TON-DAN-BUMC,Bumbuna CHC,5,-11.74478,9.04559
gvx18Rcbugy,BOO-BUM-BUMC,Bumpe CHC,5,-11.9033,7.8894
HqCITHmpSwS,KAI-MAL-BUMP,Bumpeh (Malema) CHP,5,-10.81183,7.779305
kQSYot2BfXR,KON-NIO-BUMC,Bumpeh (Nimikoro) CHC,5,-11.073995,8.615738
VoNVVhuTb2l,KON-NIO-BUMP,Bumpeh (Nimikoro) CHP,5,-11.073960000000001,8.5732
nVUNwITbqva,PUJ-PER-BUMC,Bumpeh (Perri) CHC,5,-11.5656,7.284122
LtgtzG92xlq,MOY-BUM-BUMP,Bumpeh River MCHP,5,-12.713232,8.140131
QKM1lCQHDqi,BON-DEM-BUMP,Bumpetoke (Dema) CHP,5,-12.863531,7.595778999999999
wgDBmjwvfgI,MOY-KAR-BUMP,Bumpetoke (Kargboro) MCHP,5,-12.846280000000002,7.813274
Mcwfkuer4CE,KON-GOR-BUNP,Bunabu CHP,5,-11.158090000000001,8.422894
mlqI3m35Zrs,PLT-KAM-BUNM,Bundulai MCHP,5,-12.907020000000001,8.764330000000001
mcSmL2L4n5D,KAI-PEW-BUNP,Bunumbu CHC,5,-10.85772,8.172691
HPrqe1Wq82j,PLT-BUR-BURM,Bureh MCHP,5,-12.85546,8.895940000000001
PKGKKqouveH,KEN-KEC-BURM,Burma 2 MCHP,5,-11.176390000000001,7.890358
dLj576hnFDX,WAU-EA3-CALC,Calaba Town CHC,5,-13.162289,8.437396
Tjq7LLmqx4j,WAR-WAT-CAMP,Campbell Town CHP,5,-13.053071,8.309846
FKBpVUX2pDc,BOM-MAC-CAHL,Caring Hands Clinic,5,-12.054431,8.881898999999999
yn6AgkMa2qT,WAR-WAT-CASM,Cashew Farm MCHP,5,-13.135772999999999,8.375672
Exzmq6JxprT,WAR-MTN-CHAP,Charlotte CHP,5,-13.191066,8.423540000000001
hNIPx5UNtWS,WAU-WE3-CLAL,Cheaper Land CHP,5,-13.260618,8.450066
gNAN4clI8DE,MOY-UPB-CHIP,Children of the Nation Ngolala CHP,5,-12.153664,7.790289
COhXrqxQxI2,WAU-EA1-CHFL,China Friendship Clinic,5,-13.210253,8.489044999999999
Dc8E3ZOJfBg,WAU-WE3-CHOH,Choithrams Memorial Hospital,5,-13.248356999999999,8.453566
QptwRV4BmBb,WAU-WE3-CHCL,Christ Healing Centre and Community College Clinic,5,-13.266089,8.468999
uetumkUQr5j,WAR-WAT-CTKL,Christ the King Clinic,5,-13.040920000000002,8.336389
yjlfBMt5yzU,BOM-MAC-CITL,City Garden Clinic,5,-12.035419,8.88856
Y4jPy4wX78C,WAU-EA2-COCM,Coconut Farm MCHP,5,-13.212750999999999,8.479777
KIXjdqlpcae,PLT-KAF-CONC,Conakry Dee CHC,5,-13.23764,8.697699
MSVZiXf1pOH,KON-NIM-CONP,Condama CHP,5,-11.20339,8.632064
wT041XU2Lic,WAU-CE2-CHEL,Connaught Chest Clinic,5,-13.237613,8.487924999999999
i8V7GhCWPUw,WAU-CE2-CONH,Connaught Hospital,5,-13.2382,8.4883
qmsuX8OEqru,WAR-KOY-CROM,Crossing MCHP,5,-12.97098,8.357821999999999
u8B4Cdz0uYN,WAU-WE1-CUPL,Cupid Health Centre Clinic,5,-13.244430999999999,8.485738999999999
XrpU4P1zPZ7,KOI-DIA-DALP,Dalakuru CHP,5,-11.530453999999999,9.193026
pqxZKMCwCKg,KEN-NOM-DAMM,Damabara MCHP,5,-10.895188,7.526834999999999
T0Hx20wwR7A,BOO-SEL-DAMC,Damballa CHC,5,-11.703633,8.120852
h0ZlvdMpmvw,KAI-NJA-DAMM,Dambu CHC,5,-10.90151,7.975873999999999
uVcwmsFDMkQ,PUJ-KPN-DANP,Dandabu CHP,5,-11.68509,7.4774519999999995
YvbUdeQOVPV,TON-SAM-DANP,Dankawalia CHP,5,-11.60712,8.92181
A1zGIPUnnJp,FAL-KAM-DANM,Dankawalie CHC,5,-11.331541999999999,9.629802
EQJc6JwbbGS,KAI-JAW-DARC,Daru CHC,5,-10.844451999999999,7.990142
FnFBg8bGCua,KAI-NJA-DARL,Daru Field Hospital Clinic,5,-10.940940000000001,7.995869
PCdZzUna8ag,BOO-BOC-DAMSH,Dasse Advance Medical Services Hospital,5,-11.75899,7.958381999999999
qdDShjKIhU5,WAU-WE3-DNMH,Davidson Nicol Medical Centre Hospital,5,-13.274033,8.467065999999999
ZitQ9nmA2xP,KAI-KIS-DAWP,Dawa CHP,5,-10.316894,8.259344
eB2eNXT6qnP,WAU-WE1-DAKL,Day Krim Clinic,5,-13.243053,8.483561
EfIojmTFuRm,WAR-WAT-DEEM,Deep Eye Water MCHP,5,-13.08205,8.357889
FgguFREIXgZ,KEN-KEC-DEGM,Degbuama MCHP,5,-11.20625,7.863150999999999
vOOMzv3VBZH,FAL-DEL-DELM,Deldu Kamaron MCHP,5,-10.661710000000001,9.287524999999999
h8dN05s1BdV,BON-SIT-DELM,Delken CHC,5,-12.752500000000001,7.619800000000001
JNN6QPNREHh,KAI-KIK-DIAC,Dia CHC,5,-10.409313,8.384813
DPnf9SWiBLl,KEN-DAM-DIIM,Diamei MCHP,5,-11.14334,7.727395
bslloNGrbyj,KOI-DIA-DIAM,Diang Kamaron MCHP,5,-11.495885,9.310183
GBLOKwkfPHO,KOI-DIA-DISM,Diang Sokurala MCHP,5,-11.511978,9.36041
T2hTxiQP7sM,KAM-MAG-DIBP,Dibia CHP,5,-12.847180000000002,9.075218
gunpwAqzlEF,KEN-KAN-DEIM,Diema MCHP,5,-11.259381999999999,7.97801
Z1Nrd5XJywS,KEN-KEC-DAOD,Direct Aid Orphanage (Kenema City) Clinic,5,-11.201927,7.861533
iEToXAap6PS,PLT-KAF-DAOL,Direct Aid Orphanage (Port Loko) Clinic,5,-13.168681,8.593993
ojIxXvG6UF7,KEN-DOD-DODC,Dodo CHC,5,-11.17378,8.151990000000001
sOuF0Ayu7Rv,KAI-LUA-DODP,Dodo-Kortuma CHP,5,-10.416310000000001,8.253344
RLx3p2IAccA,FAL-DEM-DOGP,Dogoloya CHP,5,-11.553370000000001,9.709337999999999
ZO2gDCNPHW3,KAR-TAY-DUMP,Dombaya CHP,5,-12.26167,9.882107999999999
IP65xigcb2Q,WAU-WE2-DBFL,Don Bosco Fambul Clinic,5,-13.234978,8.482370999999999
u4J0pD6SfM3,KEN-SMA-DOUP,Doujo CHP,5,-11.41449,7.809743999999999
bJa0yZUne25,WAU-CE2-AWRL,Dr ADO Wright Clinic,5,-13.236146999999999,8.483481
mKtst3QV7yE,WAU-CE2-AGAL,Dr Asale Ganda Clinic,5,-13.2317,8.490300000000001
zl0ppGCURM2,WAU-WE1-CCOL,Dr Claudius Cole Clinic,5,-13.242040999999999,8.481983999999999
cb0kCJxQTOE,WAU-WE3-DRCL,Dr DJO Robin-Coker Clinic,5,-13.261623,8.475991
XxusyU8ARDr,WAU-WE2-DBTL,Dr Daniel Bash Taqi Clinic,5,-13.236924,8.476887
YNs8nqKl38i,WAU-CE1-DHAL,Dr Donald Harding Clinic,5,-13.234093,8.487487
gcNQjyR56iv,WAU-CE1-DTHL,Dr Dunstan Thomas Clinic,5,-13.229797,8.482993
I8OSsz3mAzs,WAU-CE2-EGOL,Dr Effie Gooding Clinic,5,-13.237541,8.484299
rAlREkXkBow,WAU-CE2-FWHL,Dr Frazer Whitfield Clinic,5,-13.236633999999999,8.484077
hlIA7wQdLqg,WAU-CE1-HHAL,Dr Hassan Hariri Clinic,5,-13.233687999999999,8.489946
PGFP4Zr9Fy8,WAU-CE2-HFOL,Dr Isatou Hyde-Forster Clinic,5,-13.233687,8.489948
MYboByZ60qM,WAU-CE2-JRUL,Dr J Russel Clinic,5,-13.238048,8.487254
vxfZlh0HtpF,WAU-CE2-KNIL,Dr Kelvin Nicolls Clinic,5,-13.236790000000001,8.484283
KXMrRHvC0bK,WAU-CE2-LHAL,Dr Len-Gordon Harris Clinic,5,-13.236148,8.483481
bqt0F3zLXCy,WAU-CE2-PCOL,Dr Patrick Coker Clinic,5,-13.236789,8.486657
ckuPz1wJidy,WAU-CE2-SMLL,Dr Shuman Medical Clinic and Laboratory,5,-13.232317,8.489768999999999
xr5BQA5r4BE,WAU-EA2-SWIL,Dr Songo Williams Clinic,5,-13.219982,8.484923
EdcNJid6ATD,WAU-CE2-DRTL,Dr Taquis Clinic,5,-13.236806999999999,8.485198
MR3gXXTmIqM,WAU-CE2-VWIL,Dr VR Willoughby Clinic,5,-13.233687999999999,8.489946
yI3v9Lyrqts,WAU-CE2-DRTH,Dr Victor Willoughby Memorial Hospital,5,-13.234228,8.490675999999999
t92GLhMY66o,PUJ-MAK-DUMM,Dumagbe MCHP,5,-11.404753,7.253385
lZPJvbJCWQ6,KON-SAN-DUNP,Dunamor CHP,5,-11.068,9.0434
ndb3KReiVqI,FAL-KUL-DURM,Durukoro MCHP,5,-10.727950000000002,9.012963
irWqaop88lY,BOO-BOC-EDCP,EDC Unit CHP,5,-11.74633,7.963667999999999
ivrJCTIHHIj,WAU-WE2-EPIP,EPI Headquarter (New England) CHP,5,-13.241641999999999,8.470086
iwg13ybsstr,WAU-WE2-ECOL,EcoMed Medical Centre Clinic,5,-13.245512,8.471903
zcPCk05oJmb,WAU-EA3-EDEH,Edemsil Hospital,5,-13.206534,8.482526
Wodb8F52Q66,BOO-KAK-EGYL,Egyptian (Bo) Clinic,5,-11.671254,7.976855
l13MQFzZ13i,KEN-KEC-EGYD,Egyptian (Kenema City) Clinic,5,-11.192259,7.880101
pg3axCSRe2G,KON-KOC-EGYL,Egyptian (Koidu) Clinic,5,-10.968385,8.645619
IYkid98MQKM,KAI-PEW-ELSL,El-Shaddai (Peje West) Clinic,5,-10.851892,8.1668
PewiIXuGYZA,WAR-WAT-ELSL,El-Shaddai (Waterloo Rural) Clinic,5,-13.095650000000001,8.387402999999999
hjsDPa4J4st,WAR-YOR-EMEH,Emergency (Goderich) Hospital,5,-13.276525999999999,8.424501
tkgn76jJbky,KEN-KEC-ENSL,Ensah Foundation Clinic,5,-11.194682,7.873816
T4bSZFPSg9u,PLT-PLC-EBKL,Ernest Bai Koroma University (EBK-PL) Clinic,5,-12.791478,8.777477
JdXvuZ51cp8,WAU-EA3-EFHL,Esther Faith Healing CHP,5,-13.209468,8.473415
lN4n293F3Sj,WAR-WAT-EVAL,Evangelical College of Theology Clinic,5,-13.136007,8.402538999999999
o35wlBvKd8F,WAU-EA3-ELUL,Evangelical Lutheran CHP,5,-13.263971,8.485152
gmSNs9zD84u,PLT-KAF-EVAC,Evans CHC,5,-13.187714,8.637304
HHWG6nob0O2,BOO-BAO-FAAP,Faabu CHP,5,-11.54377,7.856528999999999
iPxW0s6dqPP,KEN-WAN-FAAP,Faala CHP,5,-11.381780000000001,8.286285
uZE16EHCFtl,KEN-NOM-NOMP,Faama CHC,5,-10.996725,7.524687999999999
Q1fvYnINAZN,KOI-KAK-FADC,Fadugu CHC,5,-11.765070000000001,9.3902
FWIyA3KMv8F,PUJ-SOR-FAIC,Fairo CHC,5,-11.4045,7.088054
OOIlXmbBdlM,FAL-SUL-FALC,Falaba CHC,5,-11.3208,9.8571
Y5nfoNjuzA8,PUJ-PER-FALP,Falaba CHP,5,-11.5289,7.4203
SnKH1Qg9ZZx,MOY-FAK-FALM,Falaba MCHP,5,-12.379520000000001,8.21104
zOOrk5qMJJS,WAU-WE3-FAMP,Family CHP,5,-13.270560000000001,8.462356
WtN3ZQGwuCQ,WAU-EA3-FAMP,Family Home Movement CHP,5,-13.171190000000001,8.428984999999999
zvIQUXgTAk6,PUJ-SOR-FANP,Fanima (Soro) CHP,5,-11.484300000000001,7.238415
Urtet1JUeKP,BOO-WON-FANM,Fanima (Wonde) MCHP,5,-11.52768,7.701980000000001
IBycyE3vUcT,KOI-NIE-FANP,Fankoya CHP,5,-11.278920000000001,8.962503
pPQ2cv8A0FB,WAU-CE1-FACL,Farm Care Clinic,5,-13.23027,8.486592
GVAOzCFjCHP,BOO-BOC-FAVM,Favour MCHP,5,-11.719790999999999,7.943290999999999
BJrkl6IHLLc,KEN-TUN-FAYP,Fayiema CHP,5,-11.184420999999999,7.643197
EdB5mJiCPil,BOO-LUG-FEIP,Feiba CHP,5,-11.92181,7.682170000000001
sUzJ5pX4euk,KON-GBA-FEMP,Fembedu CHP,5,-10.831914999999999,8.497519
uSb2BXWaKAE,BOO-KAK-FENM,Fengehun CHP,5,-11.593470000000002,7.977728
yNmSWFA2EmE,KON-SAN-FENM,Fensedu MCHP,5,-11.095822,8.850916999999999
TZt3p3RTJk2,MOY-RIB-FERP,Ferry CHP,5,-12.82239,8.393220000000001
iuvg1n7vpnx,KON-SOA-FEUM,Feuror MCHP,5,-10.6418,8.592445
lETWnnnlF64,KAR-TAY-FINC,Fintonia CHC,5,-12.225781999999999,9.672891
ahft5p8IDFA,FAL-BAR-FIRP,Firawa CHC,5,-11.299325,9.359413
jm7NSJjQ6Y1,KON-LEI-FOAM,Foakor MCHP,5,-10.629978,8.763956
vXf3glI3R0F,KAI-MAL-FOBP,Fobu CHP,5,-10.65606,7.8636029999999995
c56XrXhN84P,KAM-DIX-FODM,Fodaya MCHP,5,-12.94096,9.277636
avGDbZmpdos,MOY-KOR-FOGP,Fogbo (Kori) MCHP,5,-12.032960000000001,8.296361
zUBns3oLcRc,WAR-KOY-FOGM,Fogbo (Koya Rural) MCHP,5,-12.982116999999999,8.268675
VT9707TFH0S,KAI-KIK-FOIP,Foidu CHP,5,-10.38583,8.472987999999999
JUJPn9mKhP6,BOO-BAO-FOIM,Foindu (Baoma) MCHP,5,-11.394340000000001,7.9745029999999995
vzdZLAuKkFz,KON-GBA-FOIP,Foindu (Gbane) CHP,5,-10.797590000000001,8.411877
E9t9n6Kqcfc,KEN-LOW-FOIP,Foindu (Lower Bambara) CHC,5,-11.06154,8.100368999999999
spMFETul6jD,TON-YMM-FOIM,Foindu (Yoni Mamala) MCHP,5,-12.071273,8.317986
HpBQcPODdoU,KON-SOA-FOIP,Foindu Mongor CHP,5,-10.6522,8.5615
iuRKJN3UpTQ,KAI-NJA-FOLM,Follah MCHP,5,-10.985790000000001,7.974291999999999
ecUVi3ZlLVy,KEN-GOR-FOMP,Fomaya CHP,5,-11.517622,8.471300000000001
iET2k1MmEVm,PUJ-GAL-FONM,Fonikoh MCHP,5,-11.589390000000002,7.324025
L7dk9JVCGmF,KAR-ROM-FORM,Foredugu MCHP,5,-12.4992,8.7502
N3HM5AJwM6J,KOI-DIA-FORP,Foria CHP,5,-11.4577,9.251562999999999
EXEiJDQXAwV,TON-KUF-FOBM,Fothaneh Bana MCHP,5,-11.456050000000001,8.782328999999999
XWMxX2MCRjm,TON-KUS-FOTM,Fothaneh Junction MCHP,5,-11.383140000000001,8.59101
tag5lsx5qjI,WAR-MTN-FOUC,Fourah Bay College CHC,5,-13.220493999999999,8.478144
IR4tA2nKhd8,WAU-EA1-FBCM,Fourah Bay Community MCHP,5,-13.21372,8.48651
OsF1d3pffNb,BON-BEN-FOYP,Foya (Bendu-Cha) CHP,5,-12.370704,7.471559
j6bbbvxo0fL,BOO-VAL-FOYP,Foya (Valunia) CHP,5,-11.59828,8.287465
aIIYA59rHV4,KEN-KEC-FFLL,Friends For Lives Clinic,5,-11.179570000000002,7.865855
jsVezCQyft2,BOM-MAK-FULP,Fullah Town 1 (Makarie) CHP,5,-12.227971,8.817390000000001
wVoSzMxyH08,BOM-MAC-FULP,Fullah Town 2 (Makeni City) CHP,5,-12.04545,8.903324
lZuc0ETphyX,FAL-DES-FULM,Fullamansa MCHP,5,-11.490383,9.973346
nL0LlQ7yC3Q,BOO-KAK-FULM,Fullawahun MCHP,5,-11.7607,7.9562
qhD7sX1B2Hh,PUJ-GAL-FUNP,Funyehun CHP,5,-11.594100000000001,7.102632
jp9B4RN0ED3,PUJ-SOR-FUTM,Futa Golawoma MCHP,5,-11.471212999999999,7.1759509999999995
aN33ef7bvd9,PUJ-FUP-FUTC,Futa Pejeh CHC,5,-11.574048,7.561096
ThPlwr8wq7x,BON-IMP-GAIP,Gaindema CHP,5,-12.384528999999999,7.645435
ZU7Nj4wIQBW,BON-JON-GAMC,Gambia CHC,5,-12.175925999999999,7.535715
unHGkqo3Lim,BON-KPA-GAMM,Gambia Popayma MCHP,5,-11.973275,7.529239
AtTArrbwTzj,MOY-FAK-GANC,Gandorhun (Fakunya) CHC,5,-12.335866999999999,8.233383
XJT8rYu39Lo,KON-GBA-GANC,Gandorhun (Gbane) CHC,5,-10.86669,8.436596999999999
aFqimfhTguT,KEN-NIA-GANP,Gandorhun (Niawa) CHP,5,-11.448770000000001,7.6148549999999995
nqh9ziPHFIf,FAL-KAB-GANM,Ganya CHP,5,-11.28382,9.932464
aDahYoAj2KS,KEN-DAM-GAOM,Gao MCHP,5,-11.188320000000001,7.715376
uq8OwgoerSJ,PUJ-MAK-GBAP,Gbaa (Makpele) CHP,5,-11.23587,7.27526
a0jN5mmnDJE,BOO-BON-GBAM,Gbaama MCHP,5,-11.615760000000002,7.838480000000001
C3L0ockE5DC,KEN-KAN-GBOP,Gbado CHP,5,-11.27772,8.010802
ZLfGO3y1nIR,KEN-SIM-GBMM,Gbageima MCHP,5,-11.306030000000002,8.172400999999999
rqEpgrtV1km,BOO-BAO-GBAP,Gbahama (Baoma) CHP,5,-11.34121,8.040469
kNF6ENbVRHG,PUJ-MAK-GBAM,Gbahama (Makpele) MCHP,5,-11.345123,7.297572
d1bwN4YpV7B,KAI-PEB-GBAP,Gbahama (Peje Bongre) CHP,5,-10.71724,8.236934
xddkjfAwqmL,BOO-GBO-GBAC,Gbaiima CHC,5,-11.8492,8.109473
mrsdUJEUFzV,KAR-GBA-GBAM,Gbainkfay MCHP,5,-12.256302,9.300797
IZBJS2thBFM,PLT-LOK-GBAP,Gbainty Wallah CHP,5,-13.106948,8.803061
GpaE2tr4Fkt,KAI-LUA-GBAP,Gbalahun CHP,5,-10.488650000000002,8.254420000000001
qbRJ1UF9HRc,KAM-GBI-GBAC,Gbalamuya CHC,5,-12.958580000000001,9.173567
eMfWnA4VjGi,KAM-MUN-GBAM,Gbalan Thallan MCHP,5,-12.76002,9.022658
ZJyy70p9b7u,KON-SOA-GBAM,Gbamandu MCHP,5,-10.668970000000002,8.642617
RSnjqw2WbhQ,BON-NON-GBAP,Gbamani CHP,5,-12.261633,7.378310000000001
SP4whqmVLqB,KON-SAN-GBAM,Gbambiadu MCHP,5,-11.270610000000001,8.707590000000001
ODcnNynUgRe,BON-IMP-GBAP,Gbamgbaia CHC,5,-12.365598,7.783668
cq5GCi2fbTS,BON-IMP-GBAC,Gbamgbama CHC,5,-12.309600000000001,7.705705
ortwyjbHCYD,KAI-KIS-GBAP,Gbandiwulo CHP,5,-10.378770000000001,8.167290000000001
MugZpgZax2f,PLT-KAF-GBAP,Gbaneh Bana CHP,5,-13.17908,8.67214
xtr31UtTDAp,WAU-EA3-GBAH,Gbaneh Hospital,5,-13.1568,8.4448
Y7C9vGtdEAW,PLT-KAF-GBAM,Gbaneh Lol MCHP,5,-13.184520000000001,8.619318
ajtYGg9jgeC,KON-GBE-GBAM,Gbangadu MCHP,5,-10.85665,8.784120999999999
d6CexIzE4ha,BOO-SEL-GBAM,Gbangba MCHP,5,-11.75741,8.121512
KPA3AQeVTng,BOO-BAR-GBAM,Gbangbalia MCHP,5,-11.901100000000001,7.575571
Md9k5Ci1Sru,MOY-LOW-GBAC,Gbangbatoke CHC,5,-12.380522,7.807684999999999
nuvbU2K5kqS,BON-JON-GBAP,Gbaninga CHP,5,-12.267486,7.643390000000001
Qp8GIbUFzlS,BOO-BOC-GBAM,Gbanja Town MCHP,5,-11.743440000000001,7.9896400000000005
NxgxG3tcyLP,KAR-GBA-GBAP,Gbanti CHP,5,-12.26594,9.249115999999999
NfKkdcxKxe7,BON-NON-GBAC,Gbap CHC,5,-12.261595,7.378435
MF3fqK6UAeg,KAI-JAH-GBEP,Gbeika CHP,5,-10.836043,8.051968
IS5xJ97r3Iu,BOM-GBE-GBEC,Gbendembu CHC,5,-12.207370000000001,9.107481
JasmomcTCAL,KOI-SEN-GBOM,Gbenikoro MCHP,5,-11.470246,9.622836999999999
FxcdqdNCmZ4,FAL-FOL-GBEP,Gbentu CHC,5,-11.644642,9.9436
srSPvBUMFVi,FAL-MOR-GBEM,Gberefeh MCHP,5,-11.1447,9.414840000000002
yENVcd5LRG5,FAL-SUL-GBTM,Gberia Timbakor CHP,5,-11.196390000000001,9.755462
aFhr8pIIiVR,KON-FIA-GBEM,Gbetema (Fiama) MCHP,5,-10.8183,8.60341
tdfpNx9KwbV,KEN-TUN-GBEP,Gbeworbu CHP,5,-11.180095999999999,7.551025
Af4UUCuY1nB,KAI-LUA-GBEP,Gbeworbu Gao CHP,5,-10.5655,8.119819
M9jAoxUtRK9,KON-SAN-GBEM,Gbeya MCHP,5,-10.856634,8.886602
qdY5nVythIj,FAL-DES-GBIP,Gbindi CHP,5,-11.443348,9.911570000000001
v6MIwikLbZt,KAR-DIB-GBIC,Gbinti CHC,5,-12.599015,8.967861
pmWxCa4od6O,KAR-GBA-GBMM,Gbinti Maria MCHP,5,-12.26965,9.318589
P11381y4fkR,KEN-KEC-GB1M,Gbo-Kakajama 1 MCHP,5,-11.19039,7.855848
cUuEzkHJYFq,KEN-KEC-GB2M,Gbo-Kakajama 2 MCHP,5,-11.202043999999999,7.856954999999999
B6lp2grxsCn,KEN-KEC-GBOC,Gbo-Lambayama 1 CHC,5,-11.187570000000001,7.8814329999999995
Gyeh8FYSVbv,KEN-KEC-GBOM,Gbo-Lambayama 2 MCHP,5,-11.199202999999999,7.860492
Rl9x7N0gfzG,KAR-SAM-GBOM,Gbogbodo MCHP,5,-12.57313,9.171448999999999
w5vnavfUY9j,KAM-BRA-GBOM,Gbolon MCHP,5,-12.737860000000001,9.348467
BBNknagl6hY,KAR-DIB-GBOM,Gbombana MCHP,5,-12.658030000000002,8.925665
rhqwkvTNaR5,KAR-ROM-GBOM,Gbomsamba MCHP,5,-12.358077999999999,8.803118
UYzXpoIl66N,PUJ-KPN-GBOC,Gbondapi CHC,5,-11.849390000000001,7.3193600000000005
pzgD4T1GdAD,BOO-KAK-GBOM,Gbongboma MCHP,5,-11.785950000000001,8.030664999999999
aop1XOEzz6g,BON-KPA-GBOM,Gbongeh MCHP,5,-12.066,7.6719
ECxLBofSYEN,KON-LEI-GBOM,Gbongongor MCHP,5,-10.63565,8.891810000000001
XTqHhwZXlzX,KON-KOC-GBOL,Gbongonleken Clinic,5,-10.974020000000001,8.644943999999999
bSgRNfXYcfU,MOY-KAI-GBOM,Gbonjeima MCHP,5,-12.387758,8.055537
vJi3WCLneJd,KAR-GBA-GBOM,Gbonkobana MCHP,5,-12.316080000000001,9.239813999999999
z7KrXCEOSVO,PLT-BAK-GBOM,Gbonkoh Kereneh MCHP,5,-12.8428,8.7827
qRwsjdtbRI6,KAM-MAG-GBOP,Gbonkomaria CHP,5,-12.970735999999999,8.95552
F2YVtedA5Go,KAR-LIB-GBOM,Gbonkonka MCHP,5,-12.504154999999999,9.033308
q5lV1qv1juw,BOO-BOC-GBOP,Gbotima CHC,5,-11.729310000000002,7.971836
JC3Fok6rZsi,BOO-WON-GBOC,Gboyama CHC,5,-11.427200000000001,7.783575
nWjT88bdyH3,MOY-KOR-GBUM,Gbuihun MCHP,5,-12.12438,8.251178
CLBbbppYG1D,KEN-TUN-GEGC,Gegbwema CHC,5,-11.15502,7.57969
fdXBMkfbwYX,KEN-SMA-GELM,Gelehun MCHP,5,-11.391470000000002,7.8974329999999995
HMvAmQPRXA4,BOO-BOC-GENM,Genda CHP,5,-11.721530000000001,7.9604800000000004
r8VbanAXuHZ,KEN-WAN-GENM,Gendema MCHP,5,-11.3467,8.2317
eEzWwK03oHo,PUJ-SOW-GEOP,Geoma Jarjoh CHP,5,-11.694291999999999,7.509786
OWEL6cqmaff,WAU-WE2-GEOC,George Brook CHC,5,-13.235800000000001,8.468693
CdFFtqetD5V,BOO-BAO-GERC,Gerehun CHC,5,-11.576120999999999,7.929925
eSIcQXXKNZT,PUJ-KPN-GIBM,Gibina MCHP,5,-11.78682,7.363697999999999
YOXU2Smsjde,BON-BEN-GIEP,Giebina CHP,5,-12.385200999999999,7.5118
VTCcBHpYSCH,KEN-DAM-GEIP,Giema (Dama) CHP,5,-11.147400000000001,7.777517
f1XvoNzUPVq,KAI-LUA-GIEP,Giema (Luawa) CHP,5,-10.563431999999999,8.176416
bCpDmnHKnMs,BOO-BOC-GILH,Gilas Hospital,5,-11.74215,7.9711300000000005
OzFoTO5DaqB,WAU-EA2-GINC,Ginger Hall CHC,5,-13.218532,8.481710000000001
Qr11D57aRFO,PUJ-MAK-GISM,Gissiwolo MCHP,5,-11.2681,7.271630000000001
HNLThO9RC11,WAR-MTN-GLOP,Gloucester CHP,5,-13.213897999999999,8.452197
gvTIyr2aDhI,PUJ-KPK-GOBC,Gobaru CHC,5,-11.709375,7.362565
h8dCXqg5zkw,WAU-WE1-GRAL,God Grace Clinic,5,-13.242421,8.478795999999999
iMLj4Q5zFtC,WAR-YOR-GODC,Goderich CHC,5,-13.291997,8.436043999999999
KmKRQpLboEN,WAR-YOR-GODL,Goderich Military (MI Room) Clinic,5,-13.274535,8.431868999999999
KVS984ArITn,PUJ-MAK-GOFP,Gofor CHP,5,-11.36006,7.242889
U4F289TX5Cp,BOO-BAO-GOLM,Golu MCHP,5,-11.544400000000001,7.9049000000000005
qXE3FmasCg0,PUJ-MAS-GOMM,Gombu MCHP,5,-11.843152,7.154197
Qt7HLARP5R9,MOY-KAM-GONP,Gondama (Kamajei) CHP,5,-11.877021,8.300732
kXF277I9s2d,KON-NIO-GONM,Gondama (Nimikoro) MCHP,5,-11.078220000000002,8.43745
NvQrMshyqso,BOO-TIK-GONC,Gondama (Tikonko) CHC,5,-11.706660000000001,7.865625
G0jpZJ84vfp,MOY-UPB-GONM,Gondama (Upper Banta) MCHP,5,-12.1349,7.753
GrF7ycJjnT8,PUJ-SOR-GOMM,Gondama Massaquoi MCHP,5,-11.554266,6.971629
fOZhvjERD2u,WAU-WE3-GSHH,Good Shepherd Hospital,5,-13.271787,8.476203
LVBSxRNKD0L,KEN-TUN-GORC,Gorahun CHC,5,-11.23723,7.466774
TZSTJIzuRvN,KEN-NON-GMCHH,Government Maternity and Children’s Hospital Hangha,5,-11.153588,7.9224179999999995
nxZxwBILePp,PLT-KAF-GRCL,Grace Community Clinic,5,-13.190786,8.581624999999999
jcxuosHq29j,WAR-WAT-GRAC,Grafton CHC,5,-13.154871,8.389336
OBbD77KVqLa,WAU-WE2-GREC,Grey Bush CHC,5,-13.249713999999999,8.482342
lin1SziVM3K,BOO-TIK-GRIM,Griema MCHP,5,-11.735740000000002,7.695663
Z3r9nO0stwL,BON-SOG-GRIP,Grima (Sogbini) CHP,5,-12.072567999999999,7.585423
Xc2cn1RF2jM,BOO-VAL-GRIP,Grima (Valunia) CHP,5,-11.690261,8.237278
EsxocgEzMsq,KAI-PEB-GRIM,Grima MCHP,5,-10.86016,8.095120000000001
QitEiuaxYQW,KEN-DOD-GUAM,Guala MCHP,5,-11.236120000000001,8.122834
e4iHmxsV62n,BOO-KOM-GUMM,Gumahun MCHP,5,-11.430582,8.202902
TrBY64DGrZa,WAU-EA1-GUOL,Guoji (Cline Town) Clinic,5,-13.210080999999999,8.489082999999999
anRpU0w1Dg7,BOO-BOC-HAIP,Haikal CHP,5,-11.718480999999999,7.925179
R2ZpT40Q9JS,WAU-EA3-HAJC,Haja Neneh CHC,5,-13.187940000000001,8.47889
JB9F8jOHAKr,BOM-MAC-HAML,Hamanda Clinic,5,-12.043550000000002,8.888290000000001
RdZFkqMW1E9,FAL-FOL-HAMM,Hamdalia MCHP,5,-11.580632999999999,9.855295
bYoARZQVr8Q,WAR-YOR-HAMM,Hamilton MCHP,5,-13.26007,8.382411
Nqr5QMkHboP,KAI-UPB-HANL,Hand Maid Clinic,5,-10.689,8.0837
AhPzTSXVukO,KEN-NON-HANC,Hangah CHC,5,-11.139275999999999,7.945253999999999
vXjyTkj4YmJ,BOM-MAC-HAPL,Happy Kid and Adolescent (Makeni City) Clinic,5,-12.045937,8.893704999999999
xOQDwNHdcCQ,WAR-WAT-HASC,Hastings CHC,5,-13.136280000000001,8.383714
K5m56vmJPfR,WAU-WE3-HEAL,Healing CHP,5,-13.263596,8.484797
GlBFwtfSAoP,WAU-WE3-HSPL,Healthy Step Paediatric Clinic,5,-13.264291,8.485320999999999
hCqRqOVuYzn,WAR-WAT-HEAL,Heart and Hands Care Clinic,5,-13.153418,8.398363
nVqU7e0A6u9,KEN-MAL-HELM,Helegombu MCHP,5,-10.878480000000001,8.363006
djtdqg97OOA,BON-JON-HKCH,Henry Kormoi Community Hospital,5,-12.100515999999999,7.646191
MvFzcSiAhfR,KOI-WWY-HERP,Heremakono CHP,5,-11.597900000000001,9.500845
eqgwpDg0qUv,WAU-WE3-HILP,Hill Station CHP,5,-13.253941999999999,8.459406999999999
K7ZHRYI0cLl,BOO-LUG-HIMM,Hima MCHP,5,-11.902142,7.738435
JQXx7AHLEsd,TON-YMM-HINC,Hinistas CHC,5,-12.197804999999999,8.456216999999999
XePzIbFYSCE,WAU-EA3-HOLL,Holy Mary Clinic,5,-13.169080000000001,8.451024
oAXy4VRrHMe,BOM-MAC-HOLH,Holy Spirit Hospital,5,-12.036373,8.892463
ChKSDG3C0rQ,PUJ-MAL-HONP,Hongai CHP,5,-11.868967,7.399229
IkrL1zIxesp,BON-KWA-HOYP,Hoya CHP,5,-11.892933,7.252337
gDvT7YWBWcb,BOM-MAG-HUNM,Hunduwa MCHP,5,-12.061001,9.236571
rAFkc9vfzqO,WAU-EA3-ISCP,Iscon CHP,5,-13.174246,8.467217999999999
COPscajpw9o,BOO-BOC-JCBMC,JC Boima Memorial Climic,5,-11.732578,7.943477
PBonjj0VR8v,KON-NIO-JAIC,Jaiama CHC,5,-11.08614,8.551571
Xb3ZTV0Chxz,KON-NIM-JAIC,Jaiama Sewafe CHC,5,-11.241090000000002,8.542043999999999
WMUfZdBSMsq,BOO-BAO-JCHL,Jan Christian Helvings Clinic,5,-11.534828,7.928553999999999
vxqIsoD91RW,BON-IMP-JANP,Jangallor CHP,5,-12.386420000000001,7.685045
rv79iDlMl3g,KEN-TUN-JAOP,Jao (Tunkia) CHP,5,-11.14484,7.613874
fpXZjwIMK3E,WAR-WAT-JAYL,Jays Clinic,5,-13.104690000000002,8.372555
jJyWmH1ED2n,BOO-BAO-JEMC,Jembe CHC,5,-11.42828,7.9196800000000005
ESMXWxnMllX,PUJ-SOR-JENC,Jendema CHC,5,-11.391155999999999,7.024423
CSiSWhe0QG4,KAI-LUA-JENP,Jengbellu CHP,5,-10.598716,8.078204999999999
geBM5cezCQ8,KAI-UPB-JENM,Jenneh MCHP,5,-10.62662,8.106333
e5PzLg3sQJn,WAU-EA1-JENL,Jenner Wright CHC,5,-13.211628,8.482915
LkDF201ImY4,PUJ-BAR-JEBM,Jeoma Barri MCHP,5,-11.450445,7.33682
psVBVk4IYKD,BOO-BAR-JIMC,Jimmi CHC,5,-11.815764999999999,7.606253
hpYspP8FSdo,WAR-WAT-JOHM,John Thorpe MCHP,5,-13.09168,8.395128
ZO4KtUpEKDl,KAI-MAL-JOJC,Jojoima CHC,5,-10.787080000000001,7.876682
wpVYhbfFFPH,KAI-PEW-JOKP,Jokibu CHP,5,-10.81943,8.139818
rXM1enLTPBT,BON-JON-JORP,Jorma CHP,5,-12.280002,7.463572999999999
MoOCa8qPPtv,BOO-BAO-JORM,Jormu (Baoma) MCHP,5,-11.62798,7.871650000000001
BYnRfVgskP8,KEN-NON-JORP,Jormu (Nongowa) CHP,5,-11.05178,7.949071999999999
sMW7dnbCHHH,KEN-GAU-JORC,Joru CHC,5,-11.054981,7.692812
QKKlMtLnI9O,MOY-KAM-JOYM,Joya MCHP,5,-11.85039,8.182934
QSRcWAIHW2d,WAU-WE3-JUBP,Juba Military (MI Room) CHC,5,-13.279010000000001,8.45148
GTLo7ufHZ6J,MOY-KOR-JUDP,Judy Smith CHP,5,-12.0578,8.2025
oaskPjt6YCj,KEN-KOY-JUIP,Jui (Koya) CHP,5,-11.300130000000001,7.648368
Xw5HFSiykNh,WAR-WAT-JUIL,Jui Police (MI Room) Clinic,5,-13.133401,8.409225
FPAy6MwNMRP,WAU-EA2-JULM,Julipha Ashobie Corner MCHP,5,-13.211743,8.47747
v0qxq7DYIrC,MOY-KOR-JUMM,Juma MCHP,5,-12.205060000000001,8.255305
oKwHeWnIytQ,BON-IMP-JUNM,Junctionla MCHP,5,-12.340036,7.736318
yrO1yp0Zr8b,MOY-DAS-KABM,Kabaima MCHP,5,-12.1866,7.957742
GBOO6cAwVuZ,KOI-WWY-KABH,Kabala Government Hospital,5,-11.548005,9.586393
LYh2LaEwSg5,KOI-WWY-KABM,Kabala Static CHC,5,-11.548300000000001,9.586490000000001
dKgPCPmJrDW,BON-JON-KABP,Kabati CHP,5,-12.24726,7.668549
OIzOdNPqH8E,KAR-SEL-KABP,Kabba Ferry CHP,5,-12.2184,9.583400000000001
RY4IrycKB1V,BOO-BUM-KAIM,Kabiyama MCHP,5,-12.1249,7.9546
zNvSEECkIPQ,BOM-SAF-KAHM,Kabombeh MCHP,5,-11.995420000000001,8.875599
VS0yQf860TG,BOM-SAF-KABM,Kabonka MCHP,5,-11.91186,9.000131
XmeX44GG6XM,KOI-WWB-KADM,Kadanso MCHP,5,-11.762372,9.595407
o5sl2WFM1na,BOM-BIR-KAHP,Kagbaneh CHC,5,-11.9536,9.0677
zskepPGNAw0,BOM-BIR-KAGM,Kagbankona MCHP,5,-11.910440000000001,9.420133
eKEV65twSFH,PLT-KAS-KAGP,Kagbantama CHP,5,-12.671690000000002,8.960429
Du9YyLc6hRO,KOI-KAK-KAGM,Kagbasia MCHP,5,-11.778480000000002,9.325288
AEJXGlcjitL,BOM-MAG-KAGC,Kagbere CHC,5,-12.140410000000001,9.220343999999999
EtxdvyHURRE,BOM-SAF-KAGM,Kagbo MCHP,5,-11.9913,9.0256
wulhF4wxLgg,KAR-SEL-KAGM,Kagboray MCHP,5,-12.3117,9.518885
HRJFtnMU73A,KAI-LUA-KAIH,Kailahun Government Hospital,5,-10.56662,8.276598
a7rMl4nrSEU,KON-SOA-KAIP,Kainkordu CHC,5,-10.7208,8.617106999999999
tq4vd17h83f,BOO-BAR-KAKM,Kakama MCHP,5,-11.760071,7.63557
ssB7BxrqKQ3,BOM-BIR-KAKM,Kakorla MCHP,5,-11.934213,9.241546
fDLJQxrQ304,KOI-WWB-KAKM,Kakoya MCHP,5,-11.66642,9.696868
VaI9khTIB29,BOO-BOC-KAKM,Kakua Static CHC,5,-11.743735,7.964353
nU6hYnniisn,KAM-MAM-KALM,Kalainkay MCHP,5,-13.094050000000001,8.883192
xVtH0ik1PWy,PLT-BUR-KALM,Kalangba (Bureh) MCHP,5,-12.897139,8.909657
oOyUYX3JYQp,PLT-LOK-KALM,Kalangba (Lokomasama) MCHP,5,-13.140500000000001,8.808
fsbfWrqbvAY,BOM-NGO-KALC,Kalangba (Ngowahun) CHC,5,-12.160236999999999,9.033229
XoR149OALL5,FAL-KAB-KALM,Kaliyereh MCHP,5,-11.196110000000001,9.971173
EwljJCutVkb,BOM-BIR-KAMC,Kamabai CHC,5,-11.961500000000001,9.156998999999999
Uf6bHLXVBSi,KAR-SEL-KAOM,Kamabaio MCHP,5,-12.295047,9.463721
rs9ZTW2Sr3g,FAL-KAM-KAMM,Kamadu Badala MCHP,5,-11.212850000000001,9.564081
G9fDQzUILNR,KON-KOC-KAMP,Kamadu CHP,5,-10.97427,8.664047
xKqFwQ9i2He,FAL-KAM-KAMP,Kamadu Sokuralla CHP,5,-11.481630000000001,9.443012
BbzOzwkYDLa,KAM-TON-KAAM,Kamagbewu MCHP,5,-12.576580000000002,9.256039
mSUwQaoCwkl,KAR-SEL-KAMP,Kamakwie CHP,5,-12.237757,9.498040000000001
c6jFCabL7fH,KAR-SEL-KAMH,Kamakwie Wesleyan Hospital,5,-12.2371,9.497330000000002
DQlp2ZkVFTh,KAR-SAL-KAMC,Kamalo CHC,5,-12.244,9.400936999999999
GUmaXIZvSJQ,BOM-KAM-KAMC,Kamaranka CHC,5,-12.206100000000001,9.297521999999999
pzDwwvlmxTd,PLT-BAK-KAMP,Kamaranka Under Fives CHP,5,-12.811155,8.789171999999999
p8D2OnxBXWb,TON-KAF-KAMM,Kamarugu MCHP,5,-11.681747,8.79798
gV6BJ802zx5,TON-KAL-KAMM,Kamasaypana MCHP,5,-11.775575,9.115656999999999
MYYmTR0aSGR,BOM-BIR-KAMP,Kamasikie CHP,5,-11.908890000000001,9.318171999999999
N1jeajF1oSL,KAR-BUY-KAMC,Kamasondo CHC,5,-12.512742,8.862267
SS30ttngIHE,KAM-TON-KAMC,Kamassasa CHC,5,-12.545399,9.394900999999999
vR4AQOqS3ix,KOI-THA-KAMM,Kamathoi MCHP,5,-11.948217,9.539757999999999
pXjmBrUDe5J,BOM-BIR-KATM,Kamathudgu MCHP,5,-11.854906,9.417254999999999
sCuyrXTPT4Z,KAM-TON-KAMM,Kamawala MCHP,5,-12.487627,9.314093999999999
DESSvhQtnqG,KAR-SEL-KAMM,Kamawornie MCHP,5,-12.3726,9.4863
cZHza74ZwPN,KAM-MAG-KAAM,Kamba MCHP,5,-12.87368,9.03978
rqQnlN2L00Z,FAL-FOL-KAMP,Kamba Mamudia CHP,5,-11.657940000000002,9.801257
c6A2haXek09,KOI-KAM-KAMM,Kambalia MCHP,5,-11.843753999999999,9.825624
dm55s6J4Ahq,KAI-JAW-KAMP,Kambama CHP,5,-10.89215,7.904367
K3OvYtcfkgN,BOO-WON-KAMM,Kambawama MCHP,5,-11.474323,7.7629589999999995
BSvrIx1miKW,KAR-GBA-KAMP,Kambia CHP,5,-12.295447999999999,9.340898
kB35jtmagWE,KAM-MAG-KAMH,Kambia Government Hospital,5,-12.91327,9.125010000000001
rS811MoeidX,KOI-KAM-KMBM,Kambia MCHP,5,-11.879683,9.87043
UiiglCoaWxt,PLT-MAK-KAMP,Kambia Makama CHP,5,-12.5836,8.816899
ndimjiuynu6,KEN-LOW-KAMM,Kamboma (Lower Bambara) CHC,5,-11.113215,8.130352
B2yGytsVDYP,KEN-WAN-KAMM,Kamboma (Wandor) MCHP,5,-11.433971,8.357562999999999
rsuif6J74aG,KON-MAF-KAMM,Kamiendor CHC,5,-10.5153,8.6827
cHhDpCoP86P,KON-SOA-KAMM,Kamindu MCHP,5,-10.680976,8.690798
QhmFZjy9z6C,BOO-BOC-KENP,Kandeh Town CHP,5,-11.75322,7.9474789999999995
ejl5VylgQsS,KOI-KAL-KANM,Kandeya MCHP,5,-11.357408,8.965137
lrDaXjWjUnW,KON-GBA-KANM,Kanekor MCHP,5,-10.884286999999999,8.494333
VgubKViqKb6,MOY-LOW-KANM,Kanga (Lower Banta) MCHP,5,-12.265697,7.839041
jUylH9C5Yh3,BON-SOG-KANM,Kanga (Sogbini) MCHP,5,-12.098462,7.510845
gmFN3aoJcvC,MOY-KAI-KANC,Kangahun CHC,5,-12.287020000000002,8.080506
css9XFV6vKz,KON-GOR-KANP,Kangama (Gorama Kono) CHC,5,-11.057352,8.376477999999999
XhdNI4IWnwm,KAI-KIT-KANP,Kangama (Kissi Teng) CHP,5,-10.381661,8.338616
wIas0zNRoGn,KOI-DIA-KANP,Kania (Diang) CHP,5,-11.609350000000001,9.210882999999999
WBmDywWKxrr,KAM-MAS-KANC,Kania CHC,5,-12.789750000000002,9.182077
Qgbo7Dxlu68,BOM-BIR-KANM,Kanikay MCHP,5,-11.861220000000001,9.308
gW4wut7X00m,BOO-BUM-KANM,Kaniya MCHP,5,-11.993400000000001,7.6819049999999995
AfKPlUdjhbB,KAM-BRA-KANM,Kanku Bramaia MCHP,5,-12.832080000000001,9.251645
xvxt07J9cM4,KAR-SAM-KANM,Kantia MCHP,5,-12.480794999999999,9.22253
g3lLQSQlKLB,BOM-SAF-KAPM,Kapethe MCHP,5,-11.9826,8.9869
z6aRexWZi7d,KAR-SEL-KAPM,Kaponkie MCHP,5,-12.2866,9.516532
f5peUZx0wrd,KOI-THA-KARM,Karasa MCHP,5,-11.952639,9.655396999999999
teQ06i7jJJB,WAU-EA1-KDOP,Kargbo Dockyard CHP,5,-13.199656,8.468192
x7OnJcnXeWV,PLT-LOK-KAGP,Kargbulor CHP,5,-13.088750000000001,8.836281999999999
zCE0JpANjX5,BOM-BIR-KARP,Karina CHP,5,-12.0134,9.1722
eDnijqJ24YY,BOO-LUG-KARM,Karleh MCHP,5,-11.848970000000001,7.7187909999999995
sTwI5KXfYyK,BON-BUM-KARM,Karlleh MCHP,5,-11.907402999999999,7.418824
cG5HWXfw8bo,PUJ-YKK-KARC,Karlu CHC,5,-11.763290000000001,7.2412
sAWHcB31O0t,KOI-WWB-KARM,Karpakie MCHP,5,-11.821563,9.711200999999999
TOcmKrZhViS,KOI-THA-KASP,Kasanikoro CHP,5,-11.88099,9.576455
wNl8A7Dh8fs,KOI-GKA-KASP,Kasassie CHP,5,-11.835903,9.528423
F9F5UkrWg2a,PLT-KAF-KASP,Kasongha CHP,5,-13.17346,8.60928
i0BlmTFIqfA,KAM-TON-KASP,Kasoria CHP,5,-12.408740000000002,9.397490999999999
iFWSPgvOnT5,BOO-TIK-KASM,Kassama MCHP,5,-11.8315,7.794353
AjsJtrQvuza,KOI-KAK-KAKM,Kassasie Kakeleh MCHP,5,-11.846694,9.255370000000001
hMSyl7T4jTM,PUJ-MAS-KASM,Kassay MCHP,5,-11.734701,7.101425
d2vcCqeRJJy,BOO-BAR-KASM,Kasse MCHP,5,-11.919780000000001,7.53685
FpAeMDQNNMR,KAM-SAM-KASC,Kassirie CHC,5,-13.113620000000001,8.941929
TNI7PWc1NCm,BOM-SAF-KATM,Kateneh MCHP,5,-11.998520000000001,8.989673
dI6Asncg22i,BOM-PAK-KATP,Kathanta Bana CHP,5,-11.92858,8.877301
mUPbnPZ7gco,KAR-SEL-KATC,Kathanta Yimbor CHC,5,-12.1705,9.5457
ErEJGeMctUH,BOM-PAK-KAKP,Kathekeya Kaboli CHP,5,-11.904084,8.910031
xSgogIw3T9v,KAM-TON-KATM,Katherie MCHP,5,-12.696140000000002,9.181585
Sg1ztTaOF4c,TON-KAL-KATM,Kathombo MCHP,5,-11.7623,9.0678
R7LlP6eYcuu,PLT-MAS-KATP,Katick CHP,5,-12.418215,8.593287
G1YDqH1hu7X,PLT-KAM-KATM,Katongha MCHP,5,-12.940617999999999,8.835652999999999
d9fkTAea6OW,MOY-BAG-KAWP,Kawaya MCHP,5,-12.29277,7.961573
FZ6iM1yVXxD,PLT-KAS-KAWM,Kawengha MCHP,5,-12.716920000000002,8.986611
gmiQz2HWQFq,KAM-MAS-KAWC,Kawula CHC,5,-12.84491,9.133727
rf5a0gE6wgU,KOI-NIE-KAYM,Kaya MCHP,5,-11.183437,8.968229
VtTbzQ3i9wU,BOM-BIR-KAOP,Kayainkassa CHP,5,-11.964340000000002,9.442133
xF2EvJVE7El,BOM-SAF-KAYP,Kayasie CHP,5,-11.845440000000002,9.031226
SIhQTxFeFzf,KON-SAN-KAYC,Kayima CHC,5,-11.159569,8.889507
pXDB6Bj6rv7,BOM-BIR-KAYP,Kayonkoro CHP,5,-11.92214,9.212957
O7vEvf1gdfY,BOO-KAK-KEIM,Keindeyella MCHP,5,-11.731990000000001,7.931429
yBHKUGHVQgP,TON-DAN-KEMM,Kemedugu MCHP,5,-11.6623,9.006060000000002
bDmClYKwVU2,BOO-VAL-KENC,Kenema Blango CHC,5,-11.631568999999999,8.217278
teYOpeAfYK0,KEN-KEC-KCML,Kenema City Military Clinic,5,-11.167440000000001,7.913447
SX8y3t1LL1y,MOY-DAS-KENM,Kenema Gbandoma MCHP,5,-12.12185,8.086438
Wv9s58a0dEP,KEN-KEC-KENH,Kenema Government Hospital,5,-11.185153999999999,7.875545
IeWn8pkWiDx,KEN-NON-KUFP,Kenema Under Fives CHP,5,-11.178624,7.863436999999999
da6o86eyf9h,KON-LEI-KENM,Kenewa MCHP,5,-10.793137,8.826355
AlsJzRFA1Bi,KON-TAN-KENP,Kensay CHP,5,-10.98792,8.63929
Jh1YeTMDjEW,WAR-YOR-KENP,Kent CHP,5,-13.162237999999999,8.174189
qAVLJclzafo,BOM-MAK-KERM,Kerefay Loko MCHP,5,-12.13,8.917698999999999
r54BSNQTsI7,WAU-CE2-KHAL,Khadijah Clinic,5,-13.238394999999999,8.487206
O7qOQiuKvZ8,TON-SAM-KHOM,Kholifaga MCHP,5,-11.59139,9.043172
p2P6vIRVDq7,BOM-MAR-KIAM,Kiampkakolo MCHP,5,-12.224229,8.636742
qY6C34l3QZ2,KAR-GOR-KAIM,Kiamunday MCHP,5,-12.464357999999999,8.949598
wJSGhBCPVV7,BOO-BAO-KIGM,Kigbai MCHP,5,-11.50511,7.8704
bCjS2z9xOHH,KON-TAN-KIMC,Kimbadu CHC,5,-10.95334,8.625020000000001
osLV6D0TBTr,BOO-BOC-KINH,Kindoya Hospital,5,-11.739153,7.959822999999999
E2F4cmLFF2l,WAU-WE2-KIRH,Kingharman Road Hospital,5,-13.247750000000002,8.472169
tFlLdWHcZ81,WAU-WE2-KUFP,Kingharman Road Under Fives CHP,5,-13.247750000000002,8.472169
ARLNJZRwkV3,WAU-WE1-KINH,Kingtom Police Hospital,5,-13.245612,8.491753
hVSF1x8uTo3,WAU-WE1-KUFH,Kingtom Police Under Fives CHP,5,-13.245612,8.491753
wS3jgMpZokT,KON-TAN-KISP,Kissi Bona CHP,5,-10.957650000000001,8.642534
P5h4qhH7rE8,WAU-EA3-KISC,Kissy CHC,5,-13.196016,8.471376
jgiqWFdFvxt,WAU-EA3-KDML,Kissy Dockyard Missionary Clinic,5,-13.199848999999999,8.479246
pbtS9t79DfM,PLT-KOY-KISM,Kissy Koya MCHP,5,-12.9784,8.402448
FCx8sMCLFca,WAR-WAT-KISP,Kissy Town CHP,5,-13.147091,8.389436
xhNqDCbnhIG,KON-GBE-KOAM,Koakor MCHP,5,-10.926490000000001,8.795798
ZQbMKHBTHer,KON-TAN-KOAC,Koakoyima CHC,5,-10.994710000000001,8.622484
i4ktZaeJ02u,KON-GBK-KOAC,Koardu CHC,5,-10.582830000000001,8.615039
V23T2NfcSrD,KON-SAN-KOCM,Kochero MCHP,5,-10.9094,8.9077
rCu9i9zjaLg,KON-KOC-KOEP,Koeyor CHP,5,-10.947690000000001,8.648968
WhMSI9Sc40i,KON-KOC-KOIH,Koidu Government Hospital,5,-10.966170000000002,8.64826
Wdm19L00J4H,KON-KOC-KOIP,Koidu Static CHC,5,-10.966170000000002,8.64826
HscXHyv5Jhc,PUJ-SOR-KOIM,Koijeh MCHP,5,-11.469422,6.991955
pObIq6R97QC,KON-LEI-KOIM,Koima (Lei) MCHP,5,-10.775516999999999,8.844612
QhVaW67GHDy,KON-SAN-KOIM,Koima (Sandor) MCHP,5,-11.242420000000001,8.81724
S0SIeUapDwU,KOI-SEN-KOIC,Koinadugu 2 CHC,5,-11.367866,9.530127
jrWCnPt1Nqp,KAI-KIT-KOIC,Koindu CHC,5,-10.339175,8.461502
aOtpL2MuY40,FAL-SUL-KOIP,Koindu Kura CHP,5,-11.165858,9.878048
ptz2wTWQUIg,KON-MAF-KOIM,Koindu-Kuteh MCHP,5,-10.514031,8.651273999999999
v5Q8H6D1Nus,KEN-GAU-KOKP,Kokoru CHP,5,-11.11636,7.629970000000001
NpmaDrb0sHC,WAU-EA3-KOLM,Kola Tree MCHP,5,-13.16117,8.427241
eECPHX0VJP4,BOM-MAK-KOLP,Kolisokoh CHP,5,-12.1982,8.768500000000001
qHBHGHURBTP,KON-LEI-KOMP,Komba Yendeh CHC,5,-10.708870000000001,8.786425999999999
tm5mIqzW88q,PUJ-YKK-KOMM,Kombeima MCHP,5,-11.656813999999999,7.225891
TffmJhQTfpG,FAL-MON-KOMP,Kombili CHP,5,-11.095621999999999,9.690995
V65lxKgyfvT,BOO-KOM-KOMM,Komboya Gbauja MCHP,5,-11.508688,8.203225999999999
uuvykpfuwds,MOY-KAI-KOMM,Komenda MCHP,5,-12.439551,8.079862
kSCm2HrdM0Y,BON-JON-KORM,Komende (Jong) MCHP,5,-12.232165,7.515657999999999
EMrVgetW1M6,KEN-NON-KOMM,Komende (Nongowa) MCHP,5,-11.008560000000001,7.985033
bWtpQskJJ5C,KEN-LOW-KOMP,Komende Getewalu CHP,5,-10.975773,8.325266
XtWSptK5xsC,KEN-LOW-KOMM,Komende Luyema MCHP,5,-10.995363,8.060084999999999
MvoiLj6WZIO,KAR-SAM-KOMP,Komneh CHP,5,-12.677930000000002,9.026672
u1jYcIxvOwn,KAR-SAL-KOMP,Komoya CHP,5,-12.120026,9.351739
xlo4BVtxgcG,PLT-KOY-KOMP,Komrabai Ngolla CHP,5,-13.01538,8.430762999999999
EtOJKGu7K5D,TON-KHM-KOMM,Komrabai Station MCHP,5,-12.099378999999999,8.539555
ckdezRWKzWK,KEN-NON-KONM,Konabu MCHP,5,-11.103510000000002,7.895524
mEJMjCzZdV1,MOY-KOR-KONP,Konda MCHP,5,-12.18472,8.190858
xpKbIRn962p,KEN-KEC-KORM,Kondebotihun MCHP,5,-11.1828,7.899100000000001
McENPG5H7R9,KOI-DIA-KONC,Kondembaia CHC,5,-11.564492999999999,9.38428
pnZuXz3GLrg,KON-TOL-KONM,Kondewakoro MCHP,5,-10.595410000000001,9.017218999999999
JILhQjEC435,KON-SAN-KONM,Kondeya (Sandor) MCHP,5,-10.99712,8.922412
fcwTouftKWA,KOI-SEN-KOAM,Kondeya (Sengbeh) MCHP,5,-11.528540000000001,9.544001999999999
GCTsijyk3iX,BOO-BAG-KONM,Kondiama MCHP,5,-11.497630000000001,8.055515
kVFLfVKih6I,KON-LEI-KONP,Kongoifeh CHP,5,-10.567250000000001,8.797914
TTcxkf1OGPx,PUJ-BAR-KONM,Konia (Barri) MCHP,5,-11.427610000000001,7.458957
dRRFZevWUEm,KEN-DAM-KONM,Konia (Dama) MCHP,5,-11.074770000000001,7.864889
r6NWpKez6Qx,WAU-EA3-KONL,Konikay CHP,5,-13.191320000000001,8.47307
PhSSFM0OLJb,KEN-DAM-KONP,Konjo (Dama) CHP,5,-11.124924,7.824935
LHSWBLEcUyM,KEN-LOW-KONM,Konjo (Lower Bambara) CHC,5,-11.053799,8.270309
iTufNlCJ3zv,KAI-LUA-KONP,Konjo (Luawa) CHP,5,-10.5736,8.2753
zzoIi6nx8xR,KOI-WWY-KONM,Konkoba MCHP,5,-11.685913,9.517460999999999
YzGB5vdnkrX,KAI-PEN-KONP,Kono-Bendu CHP,5,-10.720770000000002,8.415030999999999
jTYvTq3Fsv0,FAL-BAR-KOOP,Konombaia CHP,5,-11.220635,9.163705
R2BLNCSmyjx,KAM-KON-KONP,Konta (Bramaia) CHP,5,-12.62781,9.545430000000001
Miu4TQDUXrU,KEN-GOR-KONP,Konta (Gorama Mende) CHP,5,-11.333730000000001,8.379797
QvcoMWp1mYG,PLT-MAS-KONC,Konta Line CHC,5,-12.545885,8.485958
sW3sJ9ySKsZ,PLT-KAM-KONP,Konta Wallah CHC,5,-13.032945,8.846985
irL0T794R4V,BOO-NIA-KORM,Korbu MCHP,5,-11.67523,8.06611
OxtO79Liwv0,MOY-KAI-KORM,Korgbotuma MCHP,5,-12.462710999999999,8.052349
S0OICCgHsk0,BOO-JAI-KORC,Koribondo CHC,5,-11.693650000000002,7.711308
vCCBIUBVkWN,KEN-LOW-KORP,Kornia Kpindema CHP,5,-11.009405,8.10426
Rgpf7kWDduy,FAL-DEM-KORM,Koromasilaia MCHP,5,-11.559994999999999,9.661616
AvejJbGoa97,KAM-SAM-KORM,Kortimoh MCHP,5,-13.237580000000001,8.903376999999999
khbTXRz8KAN,BOM-GBE-KORM,Kortohun MCHP,5,-12.114818999999999,9.122501
eVeowqBlug4,KEN-GOR-KOTM,Kortuhun (Gorama Mende) MCHP,5,-11.397407,8.428562
VT7vCtTjSjD,KAI-JAW-KORM,Kortuma MCHP,5,-10.83178,7.920475
yTNr9FhoH9R,BOO-BOC-KOWP,Kowama (Kakua) CHC,5,-11.748508,7.949934
l9VX1yovaRR,PUJ-PER-KOWM,Kowama (Perri) MCHP,5,-11.570590000000001,7.4362
ipLSxfepYk4,KAM-SAM-KOYM,Koya (Samu) MCHP,5,-13.034960000000002,8.965841
xIlRfCNylDl,WAU-EA3-KOYC,Koya Town CHC,5,-13.1661,8.4344
InF1QcDW5Ul,KON-TAN-KOYC,Koyadu CHC,5,-10.984909,8.557069
UJ8pThY3rtc,KEN-KEC-KOYM,Koyagbema MCHP,5,-11.203050000000001,7.847671999999999
gDt7qtDGRIL,BOO-KOM-KPAM,Kpamajama MCHP,5,-11.496706999999999,8.300328
VNn5UPn43M8,KEN-LOW-KPUM,Kpandebu (Lower Bambara) CHC,5,-11.071230000000002,8.214020000000001
QCw83VLE2ZY,KAI-LUA-KPAM,Kpandebu (Luawa) MCHP,5,-10.516490000000001,8.246528
c35datPPon7,KEN-DAM-KPAC,Kpandebu CHC,5,-11.196010000000001,7.755090000000001
ZcZRfqx2zbf,KEN-KEC-KP1M,Kpayama 1 MCHP,5,-11.177195,7.867940000000001
eSRlDWHJL0T,KEN-KEC-KP2M,Kpayama 2 MCHP,5,-11.17955,7.865898
xTdypwiMOGF,BOO-BAG-KPEM,Kpetema (Bagbwe) MCHP,5,-11.49736,7.996925
hhpl4y2aYNE,BOO-BUM-KPEP,Kpetema (Bumpe Ngao) CHP,5,-11.991413,7.820120000000001
mxd8iUHaLHG,PUJ-GAL-KPEM,Kpetema (Galliness) MCHP,5,-11.555209,7.135488
YU1NIn0iBhz,KEN-KEC-KPEC,Kpetema (Kenema City) CHC,5,-11.1857,7.856
P41LXFQlmn7,KEN-LOW-KPEP,Kpetema (Lower Bambara) CHP,5,-11.074029,8.273742
EffiFJwRsWn,BON-SOG-KPEM,Kpetema (Sogbini) MCHP,5,-12.061128,7.477548
qlCIRFr8dl5,KON-TOL-KPEM,Kpetema (Toli) MCHP,5,-10.653960000000001,8.95987
tCb3YPCB2yI,BOO-LUG-KPEP,Kpetewoma CHP,5,-11.81521,7.734725
Kp6sZb5ZYyU,BOO-VAL-KPEM,Kpewama MCHP,5,-11.552330999999999,8.333207
A1OP0onYJiX,PUJ-GAL-KPOM,Kpowubu MCHP,5,-11.5709,7.342915
pKia4n7hv0u,BOO-VAL-KPUM,Kpuabu MCHP,5,-11.7436,8.1919
S60m1IYSJE3,BOO-BAO-KPUM,Kpunbu MCHP,5,-11.487741,7.974227
d198tmylBRj,WAU-CE2-KROC,Kroo Bay CHC,5,-13.2406,8.486754
SMidDuxmDSq,KOI-NIE-KRUP,Krutor CHP,5,-11.269435999999999,9.123217
jEHFU46qN6A,KON-GBA-KUAM,Kuangor MCHP,5,-10.830357,8.552341
ewW9c97sbJT,KAM-BRA-KUKC,Kukuna CHC,5,-12.670150000000001,9.388527999999999
kE554nugP8W,KOI-KAL-KUMP,Kumala CHC,5,-11.401398,9.068163
qNsYW6kuBnb,TON-YMM-KUMP,Kumrabai Yoni CHP,5,-12.320450000000001,8.43876
WgImiQXbVIV,KEN-DOD-KUNP,Kundorma CHP,5,-11.237390000000001,8.310447
nEYEkuTW5pJ,PUJ-BAR-KUNP,Kundorwahun CHP,5,-11.457020000000002,7.528915
oamNJVPTjG4,BOM-GBA-KUNP,Kunsho CHP,5,-12.079120000000001,8.953840999999999
XHFf1H2Ev2H,WAU-EA3-KUNP,Kuntorloh CHC,5,-13.18106,8.461075
CAh2UH239U4,KON-LEI-KUNM,Kunundu MCHP,5,-10.681471,8.898888999999999
RCcPKug7mAX,TON-SAM-KUNP,Kunya CHP,5,-11.51749,9.153628
VZCWYc7Oxvp,PLT-KOY-KURP,Kurankoh CHP,5,-12.872630000000001,8.475714
jA4sfC8g0Dx,FAL-NEY-KURC,Kurubonla CHC,5,-10.9503,9.192477
tn0cd4t1BK4,KAI-YAW-KWEP,Kwellu-Ngieya CHP,5,-10.84087,8.402827
EtgNvASRA5u,KAM-SAM-KYCC,Kychom CHC,5,-13.143580000000002,8.92814
G6Z73nFGPJ2,KAR-SAL-LAIM,Laiya MCHP,5,-12.106200000000001,9.4544
qgDZjG8oyQa,WAR-YOR-LAKH,Lakka Government Hospital,5,-13.26355,8.397367
sdUMPz2kBk3,WAR-YOR-LAKC,Lakka/Ogoo Farm CHC,5,-13.266732999999999,8.402248
PBcqBXQbubj,KAI-PEN-LALP,Lalehun CHP,5,-10.656174,8.423333999999999
BJz7hZNuKVa,KAI-NJA-LALP,Laleihun (Njaluahun) CHP,5,-10.908629,8.104816999999999
ttGmiI3e623,KAR-SAL-LAMP,Laminaya CHP,5,-12.035810999999999,9.399498
A82aB5gRfth,KEN-KEC-LARM,Lango Town MCHP,5,-11.172630000000002,7.860986
wVN3MpBeWeQ,KEN-NON-LARC,Largo CHC,5,-11.105400000000001,8.0538
zykUSDSHuSh,MOY-DAS-LOLL,Laugh Out Loud Clinic,5,-12.094876,8.028414
BGOjAMTh7YG,MOY-KON-LAWM,Lawana (Kongbora) MCHP,5,-12.506751,8.085775
xz25IdGnTxA,BON-KPA-LAWM,Lawana (Kpanda Kemo) MCHP,5,-12.0149,7.6424
jc951NzeI3E,KAM-TON-LAYP,Layia Gboray CHP,5,-12.675730000000001,9.214817
xl2gdJgF66M,WAR-MTN-LEIP,Leicester (Mountain Rural) CHP,5,-13.219090000000001,8.459916999999999
wM2JMYqCQoh,KOI-DIA-LENP,Lengekoro CHP,5,-11.6759,9.4663
GEAP0vQ2IpD,MOY-KAI-LEVM,Levuma (Kaiyamba) MCHP,5,-12.371960000000001,8.11677
jIvgk5yaiJc,KEN-KAN-LEVC,Levuma (Kandu Leppiama) CHC,5,-11.319700000000001,7.966983
W8QIFx8BS83,KAI-MAN-LEVP,Levuma (Mandu) CHP,5,-10.7265,8.036890000000001
uMdrrOhVw9h,MOY-KON-LEVP,Levuma Nyumeh MCHP,5,-12.587190000000001,8.260997999999999
RGpyGn882qm,BOO-BOC-LEWP,Lewaibu CHP,5,-11.7444,7.945365
hJRYIuixEBe,WAU-WE3-LICH,Life Care (Lumley) Hospital,5,-13.270821999999999,8.460130000000001
RAFdizjDqDh,KEN-DAM-LELM,Lileima MCHP,5,-11.061150000000001,7.801164
vlYbStUEfWN,BOO-BAR-LIMP,Limba CHP,5,-11.793422999999999,7.643237999999999
fUDEHNYbVQk,TON-YEL-LIOH,Lion Heart Hospital,5,-11.843,8.410854
PEy1lylhJeR,WAU-CE2-LIVL,Liverpool Street (Jimmy Pratt) Clinic,5,-13.236400999999999,8.484691
V2rXbgocLXF,PUJ-KPA-LIYM,Liya MCHP,5,-11.60209,6.989020000000001
W5VnZGeCZCJ,KEN-SMA-LONM,London (Blama) MCHP,5,-11.340250000000001,7.867965
yjETzHQNjD2,PLT-KAF-LLCL,Long Life Centre Clinic,5,-13.179032999999999,8.60627
QQaicliQ6fP,WAU-EA3-LOOM,Looking Town MCHP,5,-13.194500000000001,8.462171
E0GY55zC6Dx,KEN-DAM-LOPP,Loppa CHP,5,-11.24388,7.674580000000001
CRhN7to7cUS,BOM-MAC-LORL,Loreto Clinic,5,-12.043700000000001,8.886800000000001
NwiOvjIXXQJ,PLT-LOK-LOVH,Love Bridge Hospital,5,-13.104973999999999,8.693116999999999
YfujxqUMRpd,WAU-EA3-LRGH,Lowell and Ruth Gess UMC Eye Hospital,5,-13.194742999999999,8.475787
E2dvt91J3m0,PUJ-SOW-LOWM,Lower Komende MCHP,5,-11.682177,7.519813999999999
o98gzTAi8WY,BOO-BON-LOWM,Lowoma (Bongor) MCHP,5,-11.573692,7.878360000000001
hyHMd1RnGhB,KEN-LOW-LOWC,Lowoma (Lower Bambara) CHC,5,-10.994190000000001,8.218352
zXxmlKjZZZ6,KAI-LUA-LUAL,Luawa Under Fives CHC,5,-10.573775,8.275597
weB1h7rtWwI,WAU-WE3-LUMH,Lumley Government Hospital,5,-13.2589,8.451305
Y9HCej1yHlJ,WAU-WE3-LUMP,Lumley Under Fives CHP,5,-13.262754999999999,8.451346
hRQxEeMtSiV,WAR-WAT-LUMP,Lumpa CHP,5,-13.05555,8.331840000000001
DE3Qyg8PUTv,PLT-KAF-LACL,Lungi Airport Centre Clinic,5,-13.2027,8.615400000000001
uQMpoZiDfiC,PLT-KAF-LUNH,Lungi Government Hospital,5,-13.204390000000002,8.627754999999999
e1JPzmT3aAD,PLT-KAF-LUNP,Lungi Under Fives CHP,5,-13.204371,8.627707
tKAIqK0TLBt,PLT-MAR-LUNC,Lunsar CHC,5,-12.531412,8.682169
AxY6wW7Q0Dt,PLT-KOY-MBAM,M'baimba Adama MCHP,5,-12.993043,8.474238
e50u1Rd4qb8,BON-NON-MAAM,Maamu MCHP,5,-12.470358,7.405685
BxLUEEytLN7,TON-KHM-MAIM,Mabai (Kholifa Mabang) MCHP,5,-12.249400000000001,8.53949
ZDWdPjDJb2X,TON-KHR-MAIM,Mabai (Kholifa Rowalla) MCHP,5,-11.898161,8.679803
Pb99oWZAFRv,PLT-MAC-MAIM,Mabain MCHP,5,-12.82135,8.94716
YDywL6nD9s3,TON-KHM-MAGC,Mabang (Kholifa Mabang) CHC,5,-12.172860000000002,8.567530000000001
KDXEuoweHys,MOY-RIB-MABM,Mabang (Ribbi) MCHP,5,-12.836606,8.345969
sIAo1JHz8vb,TON-POL-MABM,Mabarr Polie MCHP,5,-11.913478999999999,8.55239
CHurVcicOav,BOM-MAK-MABM,Mabayo MCHP,5,-12.1303,8.941063
vsqCdFwaWap,WAU-EA1-MABC,Mabella CHC,5,-13.226338,8.490553
l1foW52Lnz2,TON-KUS-MABM,Mabineh MCHP,5,-11.391070000000001,8.655617
s34cZS0uIx4,BOM-BOM-MAEP,Maboleh CHP,5,-12.054326,8.821285
PImvTDuONqN,TON-KHU-MABC,Mabom CHC,5,-11.979645,8.650471999999999
Ioh55nQfuXM,PLT-MAF-MABP,Mabonie CHP,5,-12.90684,8.626336
dSZeTayZ0Cf,BOM-SAF-MABM,Mabonkani MCHP,5,-11.95287,8.997223
DSYwrd4K4Ix,TON-SIM-MABP,Mabontor CHC,5,-11.81629,8.864127
DsGjxCdItx0,PLT-KOY-MABM,Mabora MCHP,5,-12.738100000000001,8.5531
IaZXa3Qqd1T,TON-KHU-MAEM,Maborie MCHP,5,-12.06811,8.650712
VAPJ7VqIJMK,KAR-SAT-MABP,Mabunduka CHC,5,-12.2383,9.134400000000001
CH3ClwPuZZD,WAR-WAT-MABP,Mabureh CHP,5,-13.054526,8.323583
CVZl5PMcT6S,KAR-ROM-MABM,Mabureh Mende MCHP,5,-12.546650000000001,8.792178
gE6CYZ278Dp,WAR-WAT-MACM,MacDonald MCHP,5,-13.079426,8.283761
QmVUjRnerAw,WAU-CE1-MACH,Macauley Street Government Hospital,5,-13.228370000000002,8.479561
KO83nnxmI6K,TON-KUS-MACM,Maconteh Tama MCHP,5,-11.39113,8.558983
YRJ62I8Dxgz,KAM-MAM-MACM,Macoth MCHP,5,-13.015730000000001,8.915381
kz7awpCZGkV,TON-YMM-MACP,Macrogba CHP,5,-12.362210000000001,8.420368
PGsZl3avDED,WAR-KOY-MADM,Madaka MCHP,5,-12.914572,8.367215999999999
AgFDWjwVgL1,KAM-GBI-MADL,Madamaya Good Grace Clinic,5,-12.936995,9.139681999999999
DI2pfOs4wLB,BON-BUM-MADC,Madina (Bum) CHC,5,-11.949160000000001,7.463741
tsnK9WYbtLv,WAU-EA3-MADC,Madina (East 3) CHC,5,-13.149728999999999,8.413070000000001
ceKQAp1HDMI,KAI-LUA-MADM,Madina (Luawa) MCHP,5,-10.53326,8.204366
zlUV0FbYdO7,KAI-MAL-MADP,Madina (Malema) CHP,5,-10.775989,7.793813999999999
AytN6OL7UCr,KAM-TON-MADC,Madina (Tonko Limba) CHC,5,-12.678120999999999,9.291831
m93tCAUVtxj,KAR-SAL-MADM,Madina Fullah MCHP,5,-12.318200000000001,9.357700000000001
Z9NwRcR0zQd,KOI-GKA-MAGP,Madina Gbonkorbor CHP,5,-11.87194,9.521931
KDz7xL7vUT8,BOM-GBE-MADP,Madina Loko CHP,5,-12.051148999999999,9.094294
bfiNHaRLpW2,KAM-TON-MADL,Madina Wesleyan Clinic,5,-12.67012,9.288340000000002
ca7PpFA9dkM,KAI-KIS-MADP,Madopolahun CHP,5,-10.31755,8.213611
ucHbkWF3zja,KAM-DIX-MAFP,Mafaray CHP,5,-12.919310000000001,9.217046
RLIPJF9FQMd,TON-YEL-MAFM,Mafay MCHP,5,-11.7858,8.427111
G4SpfPfvQDt,PLT-MAF-MAFP,Mafoimara CHP,5,-12.80475,8.660872
jGy4BjicjIJ,BOM-BOM-MAFP,Maforay (Bombali Sebora) CHP,5,-12.081776999999999,8.806996999999999
mF0JbMIDRQi,PLT-MAF-MAFM,Maforay (Maforki) MCHP,5,-12.805144,8.713557999999999
wPeWNXU9xzX,KAM-SAM-MAFC,Mafufuneh CHC,5,-13.074670000000001,9.005092
F7JmEyoIseJ,TON-KUF-MAFM,Mafulka MCHP,5,-11.60349,8.670269
xislqxsfWFx,TON-YMB-MAEM,Magbaesa MCHP,5,-12.317660000000002,8.375297
dsAhmoTXgVZ,TON-YMB-MAAM,Magbaft MCHP,5,-12.597404,8.45681
ZO4A3g9VS1R,BOM-MAK-MAGM,Magbaikoli MCHP,5,-12.21058,8.915460999999999
ARalDbRAsoS,KAR-GOR-MAGM,Magbaingba MCHP,5,-12.321,8.93674
PwV9btlqOjC,TON-KUF-BOMM,Magbanabom MCHP,5,-11.495370999999999,8.794487
PsgoJMYBzB5,TON-KUF-MAGM,Magbanto Bana MCHP,5,-11.416863,8.718634
tzU9mHBCDGc,TON-KHU-MAGP,Magbass CHP,5,-12.001140000000001,8.67852
SMKpo6PH3FG,TON-YMB-MABM,Magbassabana MCHP,5,-12.317660000000002,8.375297
G6NpIqs67dj,PLT-MAR-MAGM,Magbele MCHP,5,-12.695542,8.595533
lpLWgO5vmVp,KAM-MAG-MAGL,Magbema Under Fives Clinic,5,-12.913618999999999,9.124327
l67ixZagfa0,KAM-GBI-MAGM,Magbengbeh MCHP,5,-13.035470000000002,9.075282
QbjAFFCgm1e,PLT-MAF-MAHM,Magbengbenra MCHP,5,-12.808518,8.590874
y8NHeEmkFF8,PLT-KOY-MAGM,Magbeni MCHP,5,-12.8131,8.555288
kGyC3bl6Cqq,MOY-KON-MAGP,Magbenka MCHP,5,-12.499666,8.269917999999999
NxfSHK8RqEo,BOM-MAK-MAGH,Magbenteh Hospital,5,-12.074721,8.884227
DiOmPhWwxyG,KAM-MAG-MAGM,Magbethy MCHP,5,-12.94841,9.057519
NGhd2pLFBTV,PLT-MAR-MAGP,Magbill CHP,5,-12.488900000000001,8.6935
SjKYLsT3fwP,TON-YMM-MAGP,Magboki Road Mile 91 CHP,5,-12.22052,8.463123
jtANHWaFkwe,KAR-SAM-MAGM,Magbolonthor MCHP,5,-12.672130000000001,9.064311
vpaCxypFRfn,KAR-DIB-MABM,Magborognor MCHP,5,-12.682658,8.901294
nnlmHymh18o,TON-YMM-MAGM,Magbosie MCHP,5,-12.498792,8.460144999999999
qXLkAmGAJ2F,TON-KHR-MAGH,Magburaka Government Hospital,5,-11.93759,8.720296
qfRopYPiuFF,TON-KHR-MAGL,Magburaka Under Fives Clinic,5,-11.93668,8.720296
z3IMjLusLZp,BOO-KAK-MAGP,Maguama CHP,5,-11.67608,8.014699
NPF15k01LLX,KAR-SAL-MAHP,Maharibo CHP,5,-12.1495,9.391290000000001
RpGzHjlINer,BOM-NGO-MAHP,Maharie CHP,5,-12.223901999999999,8.951471
N6jIKYWCKnI,PLT-KAF-MAHC,Mahera CHC,5,-13.198830000000001,8.603614
T7TnJyTYdFH,KEN-DAM-MAJM,Majihun MCHP,5,-11.117650000000001,7.846264
fXetmnBX5ZL,PLT-MAF-MAAM,Makaba MCHP,5,-12.915360999999999,8.607384
XJupHLO26fH,PLT-MAR-MAKM,Makabo MCHP,5,-12.662170000000001,8.632928
XASbHCl2ClS,BOM-KAM-MAAM,Makaiba MCHP,5,-12.208810000000001,9.259817
qq65ccME37H,TON-KUB-MAKC,Makali CHC,5,-11.660753,8.630320000000001
usXU4JD1qmu,PLT-KOY-MAKM,Makalie MCHP,5,-12.7186,8.414200000000001
lIlg8q8U5Yk,BOM-BOM-MAMP,Makama CHP,5,-12.055838999999999,8.862456
lpPe0FDEvu2,PLT-KOY-MAYP,Makarankay CHP,5,-12.654314999999999,8.407136
ERa2bqHvlPy,BOM-MAK-MAKM,Makarie MCHP,5,-12.126140999999999,8.864756
YYtLTm6J6WS,BOM-KAM-MAKM,Makassa MCHP,5,-12.213370000000001,9.348103
KzB8KLBZJAe,BOO-BUM-MAKM,Makayonie MCHP,5,-12.119940000000001,7.8521339999999995
GIHAgEGxE3S,TON-YMM-MAHP,Makelleh Yoni CHP,5,-12.10119,8.471860999999999
zwxc5ln9jgd,BOM-MAC-MAKC,Makeni Correctional Centre Clinic,5,-12.054435,8.877234999999999
VAtVhpYISOe,BOM-MAC-MAKH,Makeni Government Hospital,5,-12.056251,8.871765
qKkJe8iQ5af,BOM-PAK-MAKM,Makeni Lol MCHP,5,-11.99707,8.74085
qTHHjTAy44G,TON-YMB-MARM,Makeni-Rokfullah MCHP,5,-12.540210000000002,8.425529
HX0PD1nSqXT,PLT-KOY-MAKP,Makiteh (Koya) CHP,5,-12.6678,8.4556
qNeL6DJNR9a,BOM-NGO-MAKM,Makiteh (Ngowahun) MCHP,5,-12.081225,9.054922
scprjVVq0Q7,TON-MAL-MAKM,Makoba Bana MCHP,5,-12.317710000000002,8.60819
S9ObK0QxIzE,WAR-KOY-MAKM,Makobeh MCHP,5,-12.892330999999999,8.339115999999999
MnthTgPmVXP,BOM-PAK-MAKP,Makolor CHP,5,-11.955850000000002,8.759848999999999
yAO65fhjhn5,TON-TAN-MAKM,Makona MCHP,5,-11.837579,8.648342
Q2321nhM370,TON-KUB-MAKM,Makoni Line MCHP,5,-11.57426,8.637329
dBUZJpr31f4,WAR-KOY-MAYM,Makonkonday MCHP,5,-13.012115999999999,8.362433
VCEMzMp0cwm,TON-MAY-MAKP,Makonkorie CHP,5,-11.815190000000001,8.558765
e18J7GRFIkA,TON-SIM-MAAM,Makonthanday MCHP,5,-11.808765,8.951277
PZUaM2QzpCP,PUJ-GAL-MAKP,Makorma CHP,5,-11.642548999999999,7.395071
Sfjpk35IXcA,TON-TAN-MAKP,Makrugbeh CHP,5,-11.811774,8.648425
dkAspqRkWcY,BOM-BOM-MAKP,Makump CHP,5,-12.039240000000001,8.805738
bJc5oN4TAZF,TON-YMB-MAKM,Makundu MCHP,5,-12.574459,8.361920999999999
nSjOb9Je7qO,PLT-BAK-MALP,Malal CHP,5,-12.7345,8.8474
K4WtVIkLY0I,WAU-WE3-MALM,Malama CHP,5,-13.2542,8.4506
VUukaUMkhqx,WAR-KOY-MALP,Malambay CHP,5,-13.02261,8.313996999999999
cilBgmAsjQ0,PLT-KAM-MALP,Malap CHP,5,-12.96147,8.608359
tfTAwWp8VdG,PLT-MAK-MELC,Malekuray CHC,5,-12.639768,8.802373
rGudURv97p2,KAI-YAW-MALP,Malema (Yawei) CHP,5,-10.838237,8.357804999999999
SsT4icuKRBv,PUJ-SOR-MALM,Malema 1 MCHP,5,-11.407910000000001,7.070525
pNM1qw90AS4,PUJ-SOR-MAEM,Malema 2 MCHP,5,-11.387729,7.146230999999999
onZwZ4GO0nJ,PLT-KOY-MALM,Malenki MCHP,5,-12.85622,8.504969
LWt3m8u1HYz,TON-KHR-MALM,Malone MCHP,5,-11.9229,8.668700000000001
lXdUvbOsSLN,KAR-SAT-MALM,Malontho MCHP,5,-12.208057,9.234658
LYGgJ7NgGmj,WAR-YOR-MB,Mama Beach MCHP,5,-13.116150000000001,8.202936
qI2WuUMpMXq,BOM-GBE-MAMM,Mamaka (Gbendembu) MCHP,5,-12.334650000000002,9.021744
ExiFUc6Go9U,TON-YMM-MAMM,Mamaka (Yoni Mamala) MCHP,5,-12.284467999999999,8.513200000000001
SFhp8KUzM0H,PLT-MAS-MAMM,Mamaligie MCHP,5,-12.598383,8.496737999999999
u8ksr9hLaJk,PLT-KAF-MAMM,Mamankie MCHP,5,-13.144990000000002,8.56803
fdaIFj331pb,TON-KHM-MAOM,Mamanso Kafla MCHP,5,-12.141593,8.493272
IE6hIGv9O0g,TON-KUF-MAMP,Mamanso Sanka CHP,5,-11.548919,8.719154
csJ4rFkpNhs,BOO-KAK-MLSH,Mamasa Life Saving Hospital,5,-11.710873999999999,7.9427319999999995
ggK9JKewLej,BOM-GBE-MABM,Mambala MCHP,5,-12.048305,9.180624
B87lZjjnG8d,BOM-MAG-MAMM,Mambiama MCHP,5,-12.093199,9.28334
Hjcwalht4p0,WAR-YOR-MAMP,Mambo CHP,5,-13.239434,8.377350999999999
G0InzYlrkED,KAM-MAM-MAMC,Mambolo (Kambia) CHC,5,-13.028495,8.906653
n8dwF6zMnoW,BOO-BON-MAMC,Mamboma (Bongor) CHP,5,-11.66394,7.840420000000001
bfezZ95kiY0,KAI-PEB-MAMP,Mamboma (Peje Bongre) CHP,5,-10.810872,8.090288
dNwNyVLB82S,BON-BUM-MAAP,Mammy CHP,5,-11.987407,7.494693
qTZCJjlWnev,KOI-WWY-MAMM,Mamudia Koro MCHP,5,-11.524847999999999,9.635242
ndF2ZolG1l8,TON-KHU-MAMM,Mamuntha MCHP,5,-12.017512,8.632181
r9FDvsUFNYn,PLT-MAR-MASM,Mamusa MCHP,5,-12.621550000000001,8.700913
TY9DU2PSQka,PLT-KAM-MANP,Mana 2 CHP,5,-12.96926,8.70777
MoAoHzOjuqc,KAR-SAT-MAKM,Manack MCHP,5,-12.326972,9.182808
ebtZlQGEsFn,TON-YMM-MANM,Mananie MCHP,5,-12.08173,8.488560000000001
rm9bubzf1TZ,PUJ-KPN-MANM,Mandeima MCHP,5,-11.747060000000001,7.442950000000001
nMmzHcVgfFD,KOI-KAM-MANM,Mandia MCHP,5,-11.851777,9.977067
M76QiBE1dz0,BON-SOG-MANP,Mandu CHP,5,-12.09552,7.455902999999999
xZGIcIQaBm9,BOM-MAR-MANM,Manewa MCHP,5,-12.141660000000002,8.703040000000001
RAA9U2styxu,KOI-NIE-MANM,Mangae MCHP,5,-11.394150000000002,8.752974
XtTqhQJXUlL,BOM-MAK-MANM,Mangay Loko MCHP,5,-12.0882,8.9213
HjE0lZZKw7U,TON-TAN-MANM,Mangaybana MCHP,5,-11.952103,8.58197
w2LbFKe5isP,PLT-MAR-MAAC,Mange Acre CHC,5,-12.551373,8.680632
YHxgBwUgtfL,KAM-SAM-MABM,Mange Bissan MCHP,5,-12.977490000000001,9.042966
LviDsqG7NCX,PLT-BUR-MANC,Mange CHC,5,-12.856710000000001,8.924386
vcikODc46eu,BON-SIT-MANM,Mania MCHP,5,-12.5326,7.3963
a8CMTVYwkJ0,BOM-MAG-MANM,Manjaka MCHP,5,-12.002051,9.229306
kt8HBONbwlN,KON-SOA-MANM,Manjama CHC,5,-10.6971,8.610138
UT1wbtrNpOk,MOY-KOR-MANM,Manjeihun MCHP,5,-12.2155,8.08891
SzgQCWRmvCT,BOO-BOC-MANC,Manjiama CHC,5,-11.728505,7.940131
n1Ffe1T27m2,BOM-BIR-MANM,Manjoro MCHP,5,-11.9738,9.268434
Xsj8ziPinp8,FAL-DES-MANM,Manna MCHP,5,-11.4945,9.753300000000001
JfDGvOiXNgy,MOY-DAS-MANC,Mano (Dasse) CHC,5,-12.089077999999999,8.040645999999999
Y03RXYny2FA,PUJ-MAS-MANC,Mano Gbongema CHC,5,-11.754890000000001,7.1552679999999995
KMeBbb5NwqR,KEN-TUN-MANP,Mano Ngiebla CHP,5,-11.099872999999999,7.523810000000001
BuUjY5xf2HW,WAU-CE2-MARL,Mano River Countries Clinic,5,-13.234527,8.490046999999999
shJl21cKmEL,BOO-BAR-MAYM,Mano Yorgbo MCHP,5,-11.869090000000002,7.558374
Kd6JXhtVSGR,BOO-JAI-MANP,Mano-Jaiama CHP,5,-11.613610000000001,7.7490429999999995
GZsN5fV2mjH,KAI-NJA-MANP,Mano-Menima CHP,5,-10.995280000000001,7.953761
uC8QuZyvNn9,KAI-LUA-MANP,Mano-Sewalu CHP,5,-10.49261,8.334438
KNymXdlMO4e,BOM-BOS-MANL,Manonkoh Clinic,5,-12.04414,8.779052
VmtNxnQlWgs,KAI-PEB-MANC,Manowa CHC,5,-10.751700000000001,8.1697
sPW3kqiHM35,TON-YEL-MANC,Manowo CHC,5,-11.869890000000002,8.371572
xiY0oN7DBEe,FAL-NEY-MAAP,Mansofinia CHP,5,-11.0375,9.077968
MhvrcYWDeUh,TON-MAS-MANP,Mansumana CHP,5,-11.98806,8.474014
emtAILh0aQB,KON-NIO-MANM,Mansundu (Nimikoro) MCHP,5,-11.064532999999999,8.684695
rozrkkZL6Cj,KON-SAN-MAUM,Mansundu (Sandor) MCHP,5,-11.066844999999999,8.791998
CNo615voPvt,KAR-BUY-MANM,Manumtheneh MCHP,5,-12.408691,8.906088
nYN6sniGW8V,BOM-PAK-MAPC,Mapaki CHC,5,-11.907658999999999,8.78827
W7i2HuTZGIr,TON-KUB-MAPM,Mapamurie MCHP,5,-11.567347999999999,8.565798
tXbtzfeqJTM,PLT-MAF-MAPM,Mapawn MCHP,5,-12.824160000000001,8.710747999999999
kMpUpvT7Fc4,PLT-KAM-MAPM,Mapillah MCHP,5,-13.032473,8.755732
FRd1J8po7Fz,KAM-SAM-MAPC,Mapotolon CHC,5,-13.270627999999999,9.049121999999999
ADhTKXWJ08O,BOM-MAR-MARC,Mara CHC,5,-12.245688,8.662968
FjMn4IARthl,TON-POL-MARM,Maraka MCHP,5,-11.987895,8.540799
YilyrvPvslG,KAR-SAL-MARM,Marcorba Loko MCHP,5,-12.202148999999999,9.356827
uCwWWjhMdMz,WAR-WAT-MARM,Margaret and Johnny MCHP,5,-13.046133,8.314468
UeSWHT072ZG,WAR-WAT-MHAH,Mariama Hassan Hospital,5,-13.069882999999999,8.321233
FbUmI0tKxxh,WAU-WE3-MAAL,Marie Stopes (Aberdeen Rd) Clinic,5,-13.267463999999999,8.486689
FUIM4U480Ht,WAU-WE3-MSRL,Marie Stopes (Ahmed Drive) Clinic,5,-13.267327,8.486555
r72f1JcrCKw,WAU-WE3-MSAL,Marie Stopes (Ahmed Drive) EPI Clinic,5,-13.267686,8.486422
wbXykAhRanj,KOI-WWY-MASL,Marie Stopes (Kabala) Clinic,5,-11.559655999999999,9.584968
ztQZrLMHT1y,BOO-KAK-MASL,Marie Stopes (Kakua) Clinic,5,-11.748920000000002,7.9853000000000005
Y0SgX0bcydY,KEN-KEC-MASL,Marie Stopes (Kenema City) Clinic,5,-11.187979,7.875341
SGMa0Y8K2wl,WAU-EA3-MARL,Marie Stopes (Kissy) Clinic,5,-13.190304999999999,8.469301999999999
MX32zVkZc6S,KON-KOC-MASL,Marie Stopes (Koidu) Clinic,5,-10.974677,8.641354999999999
CO8S46xURvW,BOM-MAK-MASL,Marie Stopes (Makarie) Clinic,5,-12.066362999999999,8.883505999999999
twVzY5aC2TD,WAU-WE1-MARL,Marie Stopes (Waterloo Street) Clinic,5,-13.267482999999999,8.486645
jSRMUmzcva4,WAU-CE1-MHBL,Marina House Birth Centre Clinic,5,-13.230001,8.482413
dpqD7Z72dSR,WAU-WE3-MARH,Mariposa Hospital,5,-13.273204999999999,8.446539
H5O7aLAP8ty,KAR-SAF-MARP,Maron CHP,5,-12.523945,8.938335
CrzwuxyLE3s,PLT-MAF-MARM,Maronko MCHP,5,-12.568900000000001,8.7344
DmdgYZ72dn7,TON-KHM-MARM,Marunia MCHP,5,-12.210410000000001,8.540651
aPanXIOInbq,BOM-PAK-MAPM,Masabong Pil MCHP,5,-12.002030000000001,8.699710999999999
znaQIiHAjvp,FAL-DEL-MASP,Masadu CHC,5,-10.74,9.36721
jIlFasrX3v9,TON-KHU-MASM,Masagbill MCHP,5,-12.070515,8.672424
U4ytoFIb59d,KAR-BUY-MASM,Masamboi MCHP,5,-12.441925999999999,8.875207
Kx8WZ3MfYn7,TON-KHR-MASH,Masanga Hospital,5,-11.837320000000002,8.75047
wQsG7TVvFIE,TON-KHR-MANM,Masanga MCHP,5,-11.837150000000001,8.75093
n3lVZjLvqEr,KAR-SEL-MASP,Masankorie CHP,5,-12.2806,9.44576
g7hZHpCTQT4,TON-TAN-MASM,Masankoro MCHP,5,-11.769990000000002,8.666209
CIUB5yjlJIT,BOM-SAF-MAHM,Maselleh MCHP,5,-12.0432,9.0166
RzgdOPPIalW,TON-YMM-MASP,Masengbeh CHP,5,-12.1355,8.35356
QLm4clqOFfc,TON-YMM-MASM,Maseperr MCHP,5,-12.075512999999999,8.450066999999999
KzHEKDmlbRi,PLT-KOY-MASC,Masiaka (Koya) CHC,5,-12.7499,8.491190000000001
R7il1Ve0eHX,TON-KUS-MASM,Masiaka (Kunike Sanda) MCHP,5,-11.46607,8.597154999999999
Xkx1OqOA357,PLT-MAS-MASC,Masimera CHC,5,-12.44968,8.644439
bSId9sI7IJz,TON-KUS-MAIC,Masingbi CHC,5,-11.47352,8.641924999999999
eDbTZkMUrYV,BOM-PAK-MASM,Masingbi Lol MCHP,5,-11.953194,8.780488
ux1chqHa8M1,TON-KHU-MAKM,Masoko MCHP,5,-12.0327,8.54315
IY0cZzVEaGs,BOM-MAK-MASC,Masongbo (Makarie) CHC,5,-12.108212,8.877505
ap2YIeIgimL,BOM-SAF-MASM,Masongbo Limba MCHP,5,-11.8873,8.9817
DAGBWbDSXPV,BOM-NGO-MASP,Masongbo Loko CHP,5,-12.159880000000001,8.97085
NwVh8AoRhbS,WAR-KOY-MASP,Masorie CHP,5,-12.941920000000001,8.314403
Vasb0ILjrMJ,BOM-BOM-MAYP,Masory CHP,5,-12.097437999999999,8.711727999999999
KNWQkyEEfk2,TON-KUB-MABM,Massaba MCHP,5,-11.656336999999999,8.573315
rvV3Y73WYuW,KON-NIM-MASM,Massabendu MCHP,5,-11.25106,8.69491
YOgrkNtlFFc,BON-KWA-MASP,Massah Kpoanguma CHP,5,-12.010665,7.317358
RTTv7rDqnt7,BOO-KAK-MASM,Massah Memorial Maternity MCHP,5,-11.705024,7.948544
XgIqPVZmHYn,KEN-NON-MASM,Massahun MCHP,5,-10.967917,8.051831
KZzX9cTND4r,PUJ-KPA-MASP,Massam CHC,5,-11.686174999999999,7.354931
GRkLD4weMC4,KAI-YAW-MASP,Massayeima CHP,5,-10.813744,8.255125
DRTLQGRfLNW,KAM-TON-MAHP,Masselleh CHP,5,-12.711038,9.215002
o293HoYA8sc,PLT-BUR-MAHM,Masseseh MCHP,5,-12.840029,8.860153
brfOQ6V3QWO,BOM-MAC-MAUL,Masuba Clinic,5,-12.0366,8.8914
hpEkFzhyFpF,PLT-LOK-MASP,Masulamani CHP,5,-13.208976999999999,8.841313
gpttavOo3AO,PLT-KOY-MAAP,Masumana CHP,5,-12.801,8.4898
eHmqs4KR5nd,TON-KAF-MAEM,Masumbrie CHC,5,-11.75449,8.819809
ZOoy2NY8O81,KAM-TON-MASP,Masunthun CHP,5,-12.689722999999999,9.165161
CkVyEYQeLoQ,WAR-WAT-MATM,Matainkay and Masantigie MCHP,5,-13.043368,8.362565
LTZkyRpOgCT,TON-YMB-MATM,Matawa MCHP,5,-12.307922999999999,8.353666
L0ihv8AhQDv,KAR-SAT-MATC,Mateboi CHC,5,-12.362710000000002,9.10374
Q5eireRnJmX,BOM-MAK-MATM,Mateneh MCHP,5,-12.263853,8.745916
wrLcrZUAdfa,TON-POL-MATM,Mathamp MCHP,5,-11.945120000000001,8.544694999999999
nvI42uVC2OU,PLT-LOK-MATM,Mathen MCHP,5,-13.153825999999999,8.702999
DMsnd9Es611,PLT-MAS-MATP,Mathineh CHP,5,-12.602362,8.537341999999999
TRf6vegeFYs,TON-KHM-MANM,Mathinkalol MCHP,5,-12.20475,8.502303
Xn3fvj31PMF,TON-YMM-MATC,Mathoir CHC,5,-12.415033,8.48221
SYtsw8K05JW,TON-KUS-MATM,Matholey MCHP,5,-11.42816,8.585125
ZvPakGCUIP5,TON-TAN-MAAM,Mathonkara MCHP,5,-11.81337,8.753767999999999
PhqeUPNThSc,TON-TAN-MATM,Mathufulie MCHP,5,-11.900639,8.634965
Wv3SzA1uPl8,KAM-MAG-MATM,Mathuraneh MCHP,5,-12.90604,9.068446
gJhb5397JLI,KAR-GOR-MATM,Matoto MCHP,5,-12.367780000000002,8.986044999999999
GU4s0WT5Gpu,TON-TAN-MATC,Matotoka CHC,5,-11.859181,8.657427
kPkeSdhtInz,BON-JON-MATC,Mattru CHC,5,-12.1739,7.605175999999999
AxXfABwn0Sd,BON-JON-MATH,Mattru UBC Hospital,5,-12.167330999999999,7.6051329999999995
Q0CpslhFL8F,BOO-TIK-MATM,Mattru on the Rail CHP,5,-11.788400000000001,7.9431
Y8jl01Wwkhs,PLT-KOY-MAWM,Mawoma MCHP,5,-12.733920000000001,8.462195
KNgDmDG5vvR,KAM-MAM-MAYM,Mayakie MCHP,5,-12.935808,8.902678
G8lmoEOGKam,TON-SIM-MAHM,Mayassoh MCHP,5,-11.836005,8.952601
pwnkzYInyDn,WAU-EA3-MAYM,Mayemi MCHP,5,-13.146837999999999,8.408420000000001
N83lfo4DxWC,TON-MAY-MAYP,Mayepoh CHC,5,-11.841880000000002,8.500702
XhJwV6xt7IF,PLT-MAS-MAOM,Mayola Lal Ratun MCHP,5,-12.314345999999999,8.572816999999999
HA4o3WMgBC6,KAR-SAL-MAYP,Mayolla CHP,5,-12.142398,9.424693999999999
P5anfziyC3A,PLT-MAS-MAYM,Mayombo MCHP,5,-12.467540999999999,8.484636
CI7uzH44TPl,TON-YMM-MAYM,Mayorgbor MCHP,5,-12.034613,8.373736
Ra6EKvY4Ztr,TON-KHU-MAYM,Mayossoh MCHP,5,-11.983030000000001,8.592009
QTAfXByPvX1,BON-DEM-MBAP,Mbaoma (Dema) CHP,5,-12.88686,7.610491
ouDVr95IHm0,KON-GBA-MBAP,Mbaoma (Gbane) CHP,5,-10.78593,8.42482
ba4mGgux8dB,BON-NON-BAOP,Mbaoma Kpengeh CHC,5,-12.228200000000001,7.431900000000001
A9MVWMOILZh,BON-SIT-MBOM,Mbokie MCHP,5,-12.616100000000001,7.636900000000001
nzn0MPTnxC5,KEN-DOD-MBOP,Mbowohun CHP,5,-11.21362,8.105629
mpyXU2cI4Uz,BOO-BAO-MBUM,Mbundorbu MCHP,5,-11.51102,7.923448
JR50qneMElV,WAR-WAT-MEDM,MedZain MCHP,5,-13.042477,8.336761
pAqDLBLTFfI,KAI-LUA-MENM,Mende Buima MCHP,5,-10.69387,8.198693
X4d50gy5XbU,MOY-BUM-MENM,Mende Town MCHP,5,-12.801330000000002,8.051252
yzBXL4an7Io,KEN-GAU-MENP,Mendekelema (Gaura) CHP,5,-10.976700000000001,7.765790999999999
t5yFJpVEem6,KAI-UPB-MENP,Mendekelema (Upper Bambara) CHP,5,-10.694633,8.097
ouYyKjLDDwo,BOO-TIK-MENP,Mendewa CHP,5,-11.74796,7.9348
DgaS3vFFCPy,BOO-TIK-MENL,Mendewa Layout CHC,5,-11.747921,7.934811
D8lcGSR5Fc1,BOO-BAG-MENM,Mendewa MCHP,5,-11.4844,8.1597
f75lxtJfw0r,KAM-MAG-MENM,Menicurve MCHP,5,-12.8594,9.0139
VuIh4mGTlKe,PLT-LOK-MENP,Menika CHP,5,-13.231890000000002,8.721623
ADKZlBUxt2Z,KEN-KOY-MENM,Menima MCHP,5,-11.341102,7.669626999999999
e4krvJyqbBx,WAU-WE3-MERL,Mercy Ships (Aberdeen Fistula Centre) Clinic,5,-13.288126,8.493932
Jx5dl3Fn9Fi,BOO-BOC-MERH,Mercy Ships (Bo City) Hospital,5,-11.737290000000002,7.976754
p7DavPpwBGN,WAR-YOR-METM,Metchen MCHP,5,-13.27311,8.429024
H2csR3kxCZ7,WAU-EA3-MCHL,Methodist Church Sierra Leone Clinic,5,-13.167356,8.442116
AVJUlL3vlGz,WAU-WE2-METL,Methodist Community Health CHP,5,-13.249170999999999,8.475173
QRZaNrI0vPN,BOO-BOC-MIDM,Mid Land MCHP,5,-11.768440000000002,7.9669989999999995
JSxEHEt9H2s,KAM-TON-MILP,Mile 14 CHP,5,-12.80333,9.236438
TwzkOmGfK8c,KAM-MAG-MILM,Mile 18 MCHP,5,-12.864930000000001,8.973944999999999
YCuIrm63rhs,PLT-KOY-MILP,Mile 38 CHC,5,-12.8542,8.4529
qrwsA7M0zJY,WAR-YOR-MILL,Milton Margai College (MMCET) Clinic,5,-13.284894,8.424472999999999
IZ7Q6z3Tr4W,BON-NON-MINP,Minah CHP,5,-12.26152,7.378608
YXXabb6dy93,BON-BEN-MINM,Mindohun MCHP,5,-12.319522,7.456072
VPjbFVuJdob,PLT-MAC-MINP,Minthomore CHP,5,-12.826395,9.013226
c3NPBXMimFD,BON-BEN-MODP,Mo-Davies CHP,5,-12.457886,7.446861999999999
sXqUAyYY02Q,BON-SIT-MOSP,Mo-Sandi CHP,5,-12.685803,7.637944999999999
rDPB2OqHMsG,BON-JON-MOSM,Mo-Savie MCHP,5,-12.211903,7.662643
m2DroQFsrFR,KAI-MAN-MOBC,Mobai CHC,5,-10.7542,7.9935
reQ66Iun28b,BON-YAW-MOBM,Mobefa MCHP,5,-12.173010000000001,7.499743
gD8wzfupctg,BOM-MAC-MODL,Modern Clinic,5,-12.045392,8.888148
QZoxN5Ro4Ut,PLT-KAF-MODC,Modia CHC,5,-13.223968999999999,8.641463
DhErZKRK5GQ,PLT-KAF-MGCL,Modia General Clinic,5,-13.224120000000001,8.641509
VkGyHjHVco3,KAM-MAG-MODM,Modia MCHP,5,-12.877590000000001,9.18865
tVj7coteQXw,MOY-KOW-MOFM,Mofombo MCHP,5,-11.896875999999999,8.136235
BpMQbpV34QZ,MOY-BUM-MOFM,Moforay MCHP,5,-12.68861,8.084283
MqjCaBtsr5I,MOY-DAS-MOGP,Mogbaske MCHP,5,-12.189950000000001,8.053587
hmQosKLG7Wq,MOY-RIB-MOGM,Mogbongisseh MCHP,5,-12.843414,8.177959
CX7ECPXGH3K,MOY-KAM-MOGM,Mogbuama MCHP,5,-11.89456,8.207002
b6oenQrr3Y6,BON-JON-MOGM,Mogbwe MCHP,5,-12.247245999999999,7.6684339999999995
tSQf5GL4zl1,BON-IMP-MOGC,Mogbwemo CHC,5,-12.31362,7.764861
AuoG08Ctb0p,MOY-UPB-MOGM,Mogomgbe MCHP,5,-12.136771,7.686687
ToPGGjq2S7f,BON-IMP-MOKM,Mokaba MCHP,5,-12.274083,7.664427
JZBsVaRZ2nr,MOY-KAR-MOAP,Mokaisnumana CHP,5,-12.819841,7.994
TL7BsbIP6ch,MOY-TIM-MOAM,Mokaiyamba MCHP,5,-12.69433,7.745648999999999
ep0TtGCKBqb,MOY-BUM-MOKM,Mokaiyegbeh MCHP,5,-12.727620000000002,8.038549
fOV8CDrmr1a,MOY-FAK-MOAM,Mokaley MCHP,5,-12.29348,8.297077999999999
K1jhusZOPg5,MOY-KAR-MOKP,Mokandoh CHP,5,-12.690704,7.8883469999999996
JZ31k6NhyDn,MOY-LOW-MOKC,Mokanji CHC,5,-12.1913,7.903252999999999
uL7dg5C15jw,MOY-BAG-MOKP,Mokassie MCHP,5,-12.411620000000001,8.002374
rPMeXnp8ewi,MOY-UPB-MOKC,Mokelleh CHC,5,-12.1338,7.751417999999999
TTEnjA8GWE7,BOO-BUM-MOMM,Mokoba MCHP,5,-11.94804,7.757949
zZT8zhMT1y0,MOY-KAR-MOOM,Mokobo MCHP,5,-12.645140000000001,7.954422999999999
XnuUyinN1sQ,MOY-KAR-MOKM,Mokongbetty MCHP,5,-12.768032999999999,8.000452
gkmrLiHe9Pc,MOY-RIB-MOKM,Mokorbu MCHP,5,-12.930790000000002,8.194362
ZLZ3B9Qc3ff,MOY-FAK-MOKM,Mokorewa MCHP,5,-12.248420000000001,8.169030000000001
uCN7w1FUZhI,MOY-LOW-MOKP,Mokotawa CHP,5,-12.190994,7.903250000000001
qWiYqJ372vP,MOY-TIM-MOKM,Mokpanabom MCHP,5,-12.7241,7.767795
n0dyKYSTioZ,BOO-BUM-MOKM,Mokpende MCHP,5,-11.94898,7.712834999999999
fRJTlzAV68y,BOO-BAR-MOMP,Momajo CHP,5,-11.938020000000002,7.575193
rTqESq4kdWp,KOI-SEN-MOMM,Momorimaria MCHP,5,-11.416838,9.615556999999999
R3LdwiBn4Ra,KEN-GOR-MONC,Mondema CHC,5,-11.43875,8.472712999999999
BdA8KcATmY9,MOY-UPB-MODP,Mondokoh MCHP,5,-12.232462,7.7623869999999995
EL3jmnVkTzP,BOO-VAL-MONC,Mongere CHC,5,-11.73465,8.3233
YmRQq7NKGP7,BON-JON-MONM,Mongerewa MCHP,5,-12.221276999999999,7.605194999999999
LdMDQQ3Tv9Q,FAL-MON-BENC,Mongo Bendugu CHC,5,-10.951,9.5321
Cw9efFlmLKY,FAL-DEL-MONP,Mongo Kamaron CHP,5,-10.869810000000001,9.345001
jW0eBl8fKgd,FAL-MON-KARM,Mongo Karifaia MCHP,5,-10.997219,9.631682
wVrtX0XuY2h,WAR-WAT-MONL,Monsignor Daniel Sullivan Health Clinic,5,-13.022260000000001,8.335927
y7dDUywueYw,MOY-KAR-MAPM,Mopaileh MCHP,5,-12.740019,7.877027999999999
aSibTUFJ6h8,KAI-LUA-MORP,Morfindor CHP,5,-10.598944999999999,8.320387
QKLEo8cDaam,BON-IMP-MORC,Moriba Town (Imperri) CHC,5,-12.2977,7.7936000000000005
lLqdQWoy6ZX,MOY-LOW-MORP,Moriba Town (Lower Banta) CHC,5,-12.294003,7.782502
gyVUbzQZvPA,KAM-SAM-MORM,Moribaya MCHP,5,-13.171259,9.017799
DbOpC8zLhh1,BOO-BOC-MORM,Morning Star CHP,5,-11.731990000000001,7.952147
jJZNdx4Ul1h,MOY-TIM-MOSM,Mosagbeh MCHP,5,-12.576220000000001,7.7959249999999995
mL7cg1XhhdZ,MOY-TIM-MOSP,Mosanda MCHP,5,-12.619482999999999,7.894558
Lxn0YLVBxf7,MOY-BUM-MOSP,Mosella CHP,5,-12.66899,8.295828
kawLZUp9RQP,MOY-BAG-MOSM,Mosenegor MCHP,5,-12.420390000000001,7.8696600000000005
dIqgdjht1Yv,MOY-LOW-MOSP,Mosenesie Junction CHP,5,-12.2689,7.837400000000001
AmSP4oWtT0v,MOY-KOR-MOSM,Mosongo MCHP,5,-12.056159,8.110228
zgh40LWUKjO,KON-NIO-MOTP,Motema CHC,5,-11.02246,8.611735999999999
VsDA5NtTDO7,MOY-RIB-MOIM,Motoni CHC,5,-12.79208,8.305513
DkFuI946twB,MOY-RIB-MOTM,Motonkoh MCHP,5,-12.84186,8.262588
vsaN0oZLhtO,MOY-BUM-MOTM,Motorbong MCHP,5,-12.833632999999999,8.120951999999999
PFzIfcTH6qu,BON-KPA-MOTC,Mottuo CHC,5,-12.047320000000001,7.613986
gfbiNANm5ve,MOY-KAI-MOYH,Moyamba Government Hospital,5,-12.433850000000001,8.159730000000001
EQnnw3Sqrif,MOY-FAK-MOYC,Moyamba Junction CHC,5,-12.216417,8.326577
WQUY9NznRlZ,MOY-KAI-MOYP,Moyamba Static 1 CHP,5,-12.433140000000002,8.148605
M4siQ2xuhwe,MOY-KAI-MOYM,Moyamba Static 2 CHC,5,-12.434242999999999,8.159786
whbbhHGlRlH,MOY-BUM-MOYP,Moyeamor CHP,5,-12.77391,8.074333
hxlOQgsOiX7,WAU-EA3-MOYC,Moyiba CHC,5,-13.2063,8.473112
KJ8Wg28Dd1R,MOY-FAK-MOYM,Moyollo MCHP,5,-12.35317,8.159043
Q9mVbFsxHj9,BON-JON-MOYM,Moyowa MCHP,5,-12.1005,7.644900000000001
TfnCexu6vfI,WAU-WE2-MUBL,Mubarak Clinic,5,-13.241024999999999,8.477164
H7UaiOenKNm,WAU-WE3-MURP,Murray Town (MI Room) CHC,5,-13.2622,8.48947
gqqUZTprWxy,WAU-WE3-MURC,Murray Town CHC,5,-13.264037,8.495152
uNGVLSaeDqj,FAL-DEM-MUSC,Musaia (Dembelia) CHC,5,-11.571111,9.755543
crMV8zRTr8A,PLT-LOK-MUSP,Musaia (Lokomasama) CHP,5,-13.189400000000001,8.7927
zGEb9KstVZa,WAR-YOR-MUTL,Mutual Faith Clinic,5,-13.274769,8.440510999999999
N1Lb3EyEqqH,WAU-WE2-NNLH,NACTIB New Life Hospital,5,-13.248007,8.472836
Gjz552C8Qk0,WAU-CE2-NAML,NASSIT Mobile Clinic,5,-13.235914,8.487117
aRhodREBRmP,BOO-BOC-NAFM,Nafaya MCHP,5,-11.732180000000001,7.944376999999999
lrw7z8CuNb5,KAI-DEA-NAGP,Nagbena CHP,5,-10.674175,7.928242
DFTgDT7duOj,KOI-SEN-NASL,Nasarah Clinic,5,-11.557158999999999,9.59609
MO94SfU8fZq,PUJ-SOR-NAVM,Navai MCHP,5,-11.485762999999999,7.170109
c1netFCKWF2,BOO-KAK-NDEM,Ndegbomie MCHP,5,-11.76138,7.969824999999999
mTmORJ3FViv,PUJ-MAK-NDOM,Ndombu MCHP,5,-11.261768,7.314305
Ar8MZ5E4LAi,BOO-KAK-NDUM,Nduvuibu MCHP,5,-11.72929,7.9823949999999995
zYdxdQdN4xN,BOO-BOC-NEEP,Needy CHC,5,-11.724,7.950093
LMuEMW6zZep,BOO-NIA-NENP,Nengbema CHP,5,-11.652870000000002,8.127103
vN5FV3u0Wwv,WAU-WE2-NEEP,New England CHP,5,-13.238977,8.469887
nRLwjPKH13H,TON-DAN-NEWP,New Ferengbeya CHP,5,-11.773530000000001,9.006694
RNjU4pN6uab,WAU-EA2-NEWL,New Harvest Clinic,5,-13.218117999999999,8.483120000000001
srUUbMUxryq,BOM-MAC-NEHH,New Hope Hospital,5,-12.029829,8.908211999999999
mdXvH5JIkcf,WAR-WAT-NEWM,New London MCHP,5,-13.148200000000001,8.384444
WR8bNQbLmrU,PLT-MAF-NEWP,New Maforki CHP,5,-12.762,8.747
X5KxV3braEy,BOO-BOC-NEWC,New Police Barracks CHC,5,-11.717170000000001,7.950442
YUQo6J51ivs,WAR-KOY-NEWC,Newton CHC,5,-13.021151,8.333933
D3Nb0dNS28i,KON-NIO-NGAM,Ngaiya MCHP,5,-11.03945,8.609537999999999
c24ypOOjin3,PUJ-PER-NGAM,Ngajubaoma/Missibu MCHP,5,-11.472650000000002,7.316052
yVSrSeEqEW4,BOO-BAG-NGAC,Ngalu CHC,5,-11.557350000000001,8.107520000000001
U7reGAEJCjy,PUJ-MAL-NGAM,Ngandorhun MCHP,5,-11.831230000000001,7.493409
vsNfZCt9KG6,BON-NON-NGAM,Ngaringa MCHP,5,-12.365219,7.373505
TzHla08rVQd,MOY-KAR-NGIM,Ngeihun (Kargboro) MCHP,5,-12.673190000000002,7.98948
rvphgxdAUQw,BOO-BAD-NGEC,Ngelehun (Badjia) CHC,5,-11.420190000000002,8.103755
iji7Ii4xVOP,KEN-NON-NGEM,Ngelehun (Nongowa) MCHP,5,-11.113,8.012500000000001
iRxihUnjQFt,BON-SIT-NGEP,Ngepay CHP,5,-12.752607,7.530429
bA39V6F4Puh,BON-BUM-NGEP,Ngepehun CHP,5,-11.942950000000002,7.369827
jjo08y2OidO,BON-BUM-NGEM,Ngessehun MCHP,5,-11.92956,7.504944999999999
vAoeZkRIlLO,MOY-BAG-NGIC,Ngiebu CHC,5,-12.463410000000001,7.927008
gANDIgFtEfe,KEN-GOR-NGIP,Ngiegboiye CHP,5,-11.519300000000001,8.509515
PjGV2V4V4rK,KEN-LOW-NGIC,Ngiehun (Lower Bambara) CHC,5,-11.085299,8.17594
WojHEpOygVv,KAI-LUA-NGIP,Ngiehun (Luawa) CHP,5,-10.647767,8.201044999999999
GL4lbnJwlyT,KEN-MAL-NGIP,Ngiehun Konjo CHP,5,-10.88504,8.262934999999999
Ge7zZ7uhtOZ,KEN-TUN-NGIP,Ngiewahun CHP,5,-11.201359,7.605525
CWlYZ1GzalJ,BOO-LUG-NGIM,Ngieyehun MCHP,5,-11.87123,7.6943909999999995
BQe14gbWRGL,KON-NIM-NGOP,Ngo Town CHP,5,-11.30771,8.573493
aDKIOiPyJOe,BOO-NIA-NGOM,Ngogbebu MCHP,5,-11.55062,8.214393
tVsmCUVfEjo,BOO-BUM-NGOC,Ngolahun (Bumpe Ngao) CHP,5,-12.12574,7.950018999999999
V79bPcepOT0,BOO-VAL-NGOP,Ngolahun Jabaty CHP,5,-11.598697999999999,8.220568
XAkxi0ZIIHf,KAI-PEB-NGOM,Ngolahun MCHP,5,-10.792580000000001,8.079733
xmljaylBFiD,BON-SOG-NGUM,Ngueh MCHP,5,-12.07277,7.475594
Rq0YrzABijG,BOO-BAR-NIAP,Niagorehun (Bargbo) CHP,5,-11.76828,7.681798
cmHvkvKnQL8,BOO-KOM-NIAM,Niagorehun (Komboya) MCHP,5,-11.482923999999999,8.237108
p8APIHe5Ujm,BOO-BUM-NIVM,Niagorehun Vaakie MCHP,5,-12.02632,7.9684159999999995
CARNEJwNz2F,KEN-NON-NIAM,Niahun Buima MCHP,5,-11.10167,7.989678
QrXxUQkAU0O,KAI-NJA-NIAP,Niahun Gbuyama CHP,5,-10.93701,8.063361
T7vS7oLA2iB,PUJ-MAL-NIAM,Nianyahun MCHP,5,-11.800089,7.459517
ZyKtTCEgBtn,BOO-JAI-NIAP,Niayahun CHP,5,-11.509751,7.825822
pgS5QQDSUwa,KEN-NON-NEKC,Niekabu CHC,5,-11.056837,7.924732
kSlAzC2rmUu,TON-SAM-NINM,Ninkikoro MCHP,5,-11.639375,8.991273
y0YPf0avQrV,KAI-NJA-NIXH,Nixon Hospital,5,-10.9489,8.0053
eeVXOQpDT5d,KAI-NJA-NIXC,Nixon Under Fives CHC,5,-10.9488,8.0054
LbDamdJ2rm9,BOO-BAD-NJGM,Njagbahun (Badjia) MCHP,5,-11.433995,8.149696
UFP3S7q9FNj,MOY-FAK-NJAM,Njagbahun (Fakunya) CHP,5,-12.283527999999999,8.261565
sFSewnSbDw5,KEN-LOW-NJAM,Njagbahun (Lower Bambara) MCHP,5,-11.058843,8.249210999999999
YFUZo0NR3g8,MOY-LOW-NJAM,Njagbahun (Lower Banta) MCHP,5,-12.273691999999999,7.915887
h5hydLkHBkr,KEN-GOR-NJAM,Njagbewema (Gorama Mende) MCHP,5,-11.325927,8.450369
koAm0fEY73r,KON-FIA-NJAC,Njagbwema (Fiama) CHC,5,-10.82337,8.627828
SBV6N3uFfFV,KON-GOR-NJAP,Njagbwema (Gorama Kono) CHP,5,-11.136637,8.354982999999999
PMW2x4yMHf2,KON-NIO-NJNC,Njagbwema (Nimikoro) CHC,5,-11.143490000000002,8.640863999999999
AyC7LP7YfmA,KON-NIO-NJNP,Njagbwema (Nimikoro) CHP,5,-11.145488,8.641024
ONMRsrAnJJI,BOO-KOM-NJAC,Njala (Komboya) CHC,5,-11.459430000000001,8.200548
SO8TwqRcowX,MOY-KOR-NJUC,Njala (Kori) CHC,5,-12.0716,8.1111
u1y9gcGfcFe,KON-NIO-NJAP,Njala (Nimikoro) CHC,5,-11.05394,8.5732
PO6eUJSPHgw,MOY-KOR-NJAH,Njala University Hospital,5,-12.071055,8.112573
FQQxEHKJ1DA,KAI-JAW-NJAP,Njala-Grima CHP,5,-10.899448,7.874372999999999
r6XG4nxlNxn,PUJ-BAR-NJAP,Njaluahun (Barri) CHP,5,-11.444663,7.392195
V6D9lmmcAoq,KEN-KOY-NJAM,Njaluahun (Koya) MCHP,5,-11.236440000000002,7.5505700000000004
Hre986zErT7,KAI-NJA-NJMH,Njaluahun Military Hospital,5,-10.85443,7.991090000000001
CmPvQaTybmw,MOY-KOW-NJAC,Njama (Kowa) CHC,5,-11.940978,8.082236
Gb8jUUTjgTC,KAI-MAL-NJAM,Njama (Malema) MCHP,5,-10.809332,7.8468919999999995
DxaAN6sPx2T,BOO-BAD-NJAM,Njandama MCHP,5,-11.4495,8.039634
M7fjS8bZlBH,WAU-WE3-NINL,No 9 Community Clinic,5,-13.2657,8.472947
YMoQQ8ROd6N,KEN-KEC-NONM,Nongowa Static MCHP,5,-11.185355999999999,7.874765999999999
qOcxfwuILdn,PLT-MAS-NONP,Nonkoba CHP,5,-12.580480000000001,8.593677999999999
ayJrkSafgiy,KAM-TON-NUMP,Numea CHP,5,-12.7188,9.264224
Ho7eFOcLWKp,KEN-KOY-NYAM,Nyandehun (Koya) MCHP,5,-11.247656,7.6088949999999995
eSdHHJ9rTVO,KAI-LUA-NYAP,Nyandehun (Luawa) CHP,5,-10.483475,8.204174
e68a0II41Rw,PUJ-MAL-NYNM,Nyandehun (Malen) MCHP,5,-11.759920000000001,7.5891
ZVZX4dL7IV1,PUJ-MAS-NYAM,Nyandehun (Mano Sakrim) MCHP,5,-11.709802999999999,7.2242869999999995
ZVA4WLAHjT6,KAI-NJA-NYAP,Nyandehun Nguvoihun CHP,5,-11.00078,7.919510000000001
NMCcdgoTOFG,KEN-KEC-NYAM,Nyandeyama MCHP,5,-11.197432,7.866497
r4jXD5dvEPy,KEN-SMA-NYAM,Nyangbe-Bo MCHP,5,-11.34872,7.935866
ztOIUnhdZoZ,KAI-JAW-NYEP,Nyeama CHP,5,-10.940940000000001,7.815404999999999
h3WUfQgqVPX,KEN-TUN-NYIM,Nyiemiga MCHP,5,-11.140794,7.513641
KdVHHgrRd1s,WAU-EA1-OLAH,Ola During Children's Hospital,5,-13.218525,8.489988
tfIH2FeCzfp,WAU-EA1-OLAP,Ola During Under Fives CHP,5,-13.218688,8.490067999999999
yHvo3IPb6JE,WAU-EA3-ORUM,Orugu MCHP,5,-13.150329,8.401200000000001
zhMzgIuolyC,TON-YMM-OLGL,Our Lady of Guadalupe Clinic,5,-12.214184,8.466225
o4hqHH49zX9,WAU-WE3-PAYL,PAYCY's Clinic,5,-13.26299,8.446919
WaoCPfgYFmZ,WAU-WE2-PPAL,PPASL Clinic,5,-13.242752,8.472724
BO1fKidgmxb,WAU-WE2-PADL,Pademba Correctional Hospital,5,-13.236753,8.474730000000001
ysgS7roSihI,KEN-NON-PANM,Panderu MCHP,5,-11.13607,7.959606999999999
nFl2ZT9sYKZ,KEN-LOW-PANC,Panguma CHC,5,-11.13719,8.184863
UOFz98YPMvF,KEN-LOW-PANH,Panguma Hospital,5,-11.13719,8.18485
ObqvuGN0nCV,BOM-GBA-PANP,Panlap CHP,5,-12.031,8.916400000000001
p3ODJDpaROy,WAU-CE1-PARC,Parliament CHC,5,-13.232966,8.480540999999999
Cf5a2yLOcKS,KEN-DAM-PATM,Patama MCHP,5,-11.079372,7.757731
f7z6Pufg4eG,BOM-BOM-PATP,Patebana CHC,5,-12.02998,8.84032
HjHiWN154ja,KON-KOC-PSFH,Paul Sorie Farma's Hospital,5,-10.947090000000001,8.641909
jr10DQu7a15,PUJ-KAB-PEHM,Pehala CHC,5,-11.6188,7.5234000000000005
u2MCzMD9nqP,KAI-PEW-BAOP,Peje Baoma CHP,5,-10.789050000000001,8.241368999999999
A6dVJNJNJLU,PUJ-FUP-PEJM,Pejewa (Futa Peje) MCHP,5,-11.506295,7.587256999999999
l9BHonSM1XB,KAI-PEW-PEJP,Pejewa (Peje West) CHP,5,-10.840580000000001,8.216273
McGdsQWlwyZ,BOO-BAO-PELM,Pelewahun (Baoma) MCHP,5,-11.458620000000002,7.8850869999999995
lqogPoG5BEG,KEN-LOW-PELM,Pelewahun (Lower Bambara) MCHP,5,-11.06203,8.333673
eCz54RjF2p6,KAI-JAW-PELP,Pellie CHP,5,-10.957820000000002,7.855464
mL9k9sTblQI,BOO-NIA-PENM,Pendebu MCHP,5,-11.613696,8.057394
d54D4pGTK6m,KAI-UPB-PENC,Pendembu (Upper Bambara) CHC,5,-10.695383,8.096135
llf0xYdrwWS,KAI-NJA-PENP,Pendembu-Njeigbla CHP,5,-10.926490000000001,7.9489339999999995
iwIntTqceF4,WAU-WE3-PENP,Pentagon CHP,5,-13.244250000000001,8.445826
VRwnEPSiqjq,PLT-KAM-PEPC,Pepel CHC,5,-13.054495,8.589504999999999
Cmc14IkLYqP,KEN-GAU-PERM,Perrie MCHP,5,-11.078970000000002,7.662139
JqP8Iw8Jyhc,PLT-MAF-PEMM,Petifu (Maforki) MCHP,5,-12.839027999999999,8.652959
RYnxKsRzf8z,TON-YMB-PETP,Petifu Fulamasa CHP,5,-12.257365,8.383664999999999
X09EmqPOv8D,PLT-LOK-PETC,Petifu Junction CHC,5,-13.10818,8.695720000000001
Ks3lRa7PPlr,TON-KUF-PETM,Petifu Mandugu MCHP,5,-11.534688,8.779821
Fnh1cPnWjoR,TON-MAY-PETM,Petifu Mayepoh MCHP,5,-11.857742,8.517653
XB9zfmbfUfO,TON-KUS-PEEP,Petifuline CHP,5,-11.541077,8.627101
FHMXhtXe1xs,PUJ-MAK-PEWM,Pewa MCHP,5,-11.297775999999999,7.355963999999999
kQLcESjLXsJ,KAI-JAW-PEWP,Pewama CHP,5,-10.993388,7.835627
gjt515PtAtB,KON-NIM-PEYM,Peya MCHP,5,-11.21443,8.496580999999999
oO8wXMFw0v5,KON-KAM-PEYP,Peyima CHP,5,-11.047780000000001,8.75801
RwlypyAsF1f,WAU-EA3-PHIL,Philip Street Clinic,5,-13.177733,8.445265
uq8OVnCG1ku,WAU-CE2-PWCL,Pikin Welbodi Centre Clinic,5,-13.232591,8.491275
uAmPEtEGQI1,PLT-MAR-PINL,Pincer's Lunsar Clinic,5,-12.543875,8.686990999999999
gzXfZ8zNSRn,MOY-KAR-PLAM,Plaintain Island MCHP,5,-12.989770000000002,7.9103900000000005
ikmJp1krxFw,PLT-MAR-POML,Poor Man's Clinic,5,-12.522731,8.700483
nQ9BhiUlMTu,FAL-NEY-PORM,Porpon MCHP,5,-11.036978999999999,9.077935
GnWvzzn5JWW,PLT-PLC-PORH,Port Loko Government Hospital,5,-12.785,8.7657
sF5nflWJ0fl,PLT-PLC-PORP,Port Loko Under Fives CHP,5,-12.784661,8.766321999999999
YYoYEJUI4Rx,KEN-NON-POTM,Potehun MCHP,5,-11.07558,7.966774999999999
BKIrj3yjYJT,PUJ-BAR-POTC,Potoru CHC,5,-11.48127,7.503210999999999
oAGhdT4TmS2,BOO-BOC-PRAC,Praise Foundation CHC,5,-11.740400000000001,7.965481
i4pdAF9bWxW,WAU-CE2-PRCL,Prime Care Clinic,5,-13.23854,8.486755
t8FE33Abcdl,WAU-EA1-PRIH,Princess Christian Maternity Hospital,5,-13.218890000000002,8.490027
SDrQZcIoMQI,WAU-EA1-PRIP,Principal Medical Office (Cline Town) CHP,5,-13.209686,8.48873
iixCz0LYvpy,KAI-PEB-PUJP,Pujehun (Peje Bongre) CHP,5,-10.795252999999999,8.147200999999999
dpqokIMO5mb,BOO-VAL-PUJP,Pujehun (Valunia) CHP,5,-11.717350999999999,8.205077
Lp4U09U9h83,PUJ-KPN-PUJH,Pujehun Government Hospital,5,-11.719040000000001,7.350890000000001
X71cor4ezbp,PUJ-KPN-PUJM,Pujehun Static CHC,5,-11.720210000000002,7.353212999999999
Ba1nu5iReqc,KEN-GOR-PUNP,Punduru CHP,5,-11.289670000000001,8.484147
uFM3IuQcCAP,BOM-MAK-PUNM,Punthun MCHP,5,-12.145088,8.929628
MZRrfpfRgpy,WAU-EA2-QUAM,Quarry MCHP,5,-13.2141,8.4803
LTwF4gAAJvs,KON-GBE-QUIM,Quidadu MCHP,5,-10.947740000000001,8.71556
PIG6hfY0bF8,BOO-BOC-REDL,Red Cross (Bo City) CHC,5,-11.741862,7.957808
VYI7wL6jlHY,BON-BOU-REDL,Red Cross (Bonthe) CHP,5,-12.507914,7.523168999999999
IVLZKdEm4og,KEN-KEC-REDL,Red Cross (Kenema City) CHP,5,-11.194087,7.877044
EZ8nEeagnJ3,KAM-MAG-REDL,Red Cross (Magbema) CHP,5,-12.923540000000001,9.114196
pnzNiJY90Xd,BOM-MAC-RECL,Red Cross (Makeni City) CHP,5,-12.04611,8.88757
EI6PUzweuXn,BON-JON-REDP,Red Cross (Mattru) CHP,5,-12.177311999999999,7.609674
EtbiDukiXfn,WAU-CE2-REDL,Red Cross (Pultney Street) Clinic,5,-13.237003999999999,8.487860999999999
FXbxyYAFOFj,KOI-SEN-REDL,Red Cross (Sengbeh) Clinic,5,-11.554620000000002,9.588985
oPumW46sBwd,WAU-WE2-HREL,Redeemer Health Clinic,5,-13.244686999999999,8.475907
NncZ19Rv6wW,WAR-MTN-REGC,Regent (Mountain Rural) CHC,5,-13.219793,8.435283
cPLXnNFVl4F,WAU-WE1-REJL,Rejanic Clinic,5,-13.245904,8.479977
Qf8Y8e5Nzby,BOO-BOC-RHCL,Rescue Health Care Clinic,5,-11.752301,7.952090000000001
oZ30OyVum7h,BOM-BOM-RINL,Rescue International (Bombali Sebora) Clinic,5,-12.090565999999999,8.770261
xnk5x1otm33,WAU-WE2-RINL,Rina Clinic,5,-13.243246,8.471696
Tpq9aqSRHo5,PLT-TAI-ROBM,Robaka MCHP,5,-12.595400000000001,8.853625
tUZqHEKDEUL,TON-YMB-ROBM,Robarie MCHP,5,-12.628430000000002,8.373955
SK3eYLkU4SU,BOM-BOM-ROBP,Robat CHP,5,-12.060680000000001,8.79161
ey976FE1YPy,TON-MAL-ROBP,Robina CHP,5,-12.358640000000001,8.642877
Q4WR1yqnWKv,KAR-LIB-ROCP,Rochain Loko CHP,5,-12.556623,9.052049
iVOZYfO70tf,KAR-SAL-ROSP,Rochain Salcost CHP,5,-12.142398,9.424693999999999
TCFUrqeIzCp,TON-YMM-ROCP,Rochen Kamandao CHP,5,-12.18139,8.396792999999999
PikcnrOF69b,TON-MAL-ROCP,Rochen Malal CHP,5,-12.28518,8.661508999999999
PbKKCeLCAmT,KAR-DIB-ROKM,Roctolon MCHP,5,-12.558128,8.987345
tNM5BHWK3o9,PLT-KOY-ROFP,Rofoindu CHP,5,-12.785200000000001,8.443100000000001
vVuuaBSRbLR,KAR-DIB-ROGP,Rogballan (Dibia) CHP,5,-12.581716,8.903195
X6mZb65Mu8P,PLT-KAS-ROGM,Rogballan (Kasseh) MCHP,5,-12.745795999999999,8.959628
zZQQx7VSxcc,PLT-TAI-ROGM,Rogbaneh MCHP,5,-12.62265,8.843990000000002
f6rZZ8oziJp,WAR-WAT-ROGM,Rogbangba MCHP,5,-13.117500999999999,8.397468
hbZVfjwcY0u,PLT-MAF-ROGC,Rogbere Junction CHC,5,-12.677410000000002,8.705847
L9nxB6BDEQ5,KAR-SAT-ROGM,Rogbin MCHP,5,-12.223600000000001,9.211734
hxAl1ZycWbF,KAM-SAM-ROKM,Rokai MCHP,5,-13.28523,9.001814999999999
fg1MiSUnKwR,KAR-ROM-ROKM,Rokamba MCHP,5,-12.474547,8.782302999999999
RiMDgUsP2g2,PLT-MAS-ROKC,Rokassa CHC,5,-12.603067999999999,8.565648
JKCGXuH7FCm,KAM-MAM-ROKM,Rokel (Mambolo) MCHP,5,-13.059363,8.902211
ExiAhvbRxaR,PLT-MAS-ROKM,Rokel (Masimera) MCHP,5,-12.691350000000002,8.590342999999999
AgvKPS6HHW9,WAR-WAT-ROKP,Rokel (Waterloo Rural) CHP,5,-13.103838999999999,8.378938
BatR6m9STC1,TON-YMM-ROKM,Rokimbi MCHP,5,-12.375560000000002,8.476645999999999
x6hlQpXoUHV,PLT-KOY-ROKM,Rokon MCHP,5,-12.93021,8.479841
q1q5vzrFexm,BOM-BOS-ROKC,Rokonta CHC,5,-12.049180000000002,8.746485999999999
GouzIEiHGRn,MOY-RIB-ROKM,Rokorlor MCHP,5,-12.841837,8.262575
pdTs852tuSi,KAR-SAT-ROKP,Rokulan CHC,5,-12.2117,9.1945
fLbXQWxFj9p,WAU-EA3-ROKH,Rokupa Government Hospital,5,-13.172600000000001,8.460227999999999
r2GdxZiLxXO,WAU-EA3-RUFP,Rokupa Under Fives CHP,5,-13.172600000000001,8.460227999999999
hvxvK5SDGYV,KAM-MAG-ROKC,Rokupr CHC,5,-12.94433,9.016517
rGPtTTg8JVo,PLT-MAR-ROLM,Rolembray MCHP,5,-12.4779,8.715448
O21KAJtYbj9,KAM-MAM-ROMM,Romando MCHP,5,-12.98742,8.86269
ALs51Iyzu11,PLT-KAS-ROMM,Romeni MCHP,5,-12.720220000000001,8.898990000000001
b1KUCRHYa20,TON-YMB-RONM,Ronietta MCHP,5,-12.488748,8.361383
xW9nmVsgkqB,TON-YMB-RORP,Rorocks CHC,5,-12.4288,8.376937999999999
HYSdi2iT8e6,TON-TAN-ROSM,Rosengbeh MCHP,5,-11.9276,8.5861
nmCcKXVc1Yv,KAM-SAM-ROSP,Rosinor CHP,5,-12.998050000000001,8.972000999999999
O13wd6aUQqe,KAR-BUY-ROSM,Rosint Buya MCHP,5,-12.492880000000001,8.815138
QZESFj9oxHe,BOM-KAM-ROSM,Rosint MCHP,5,-12.172231,9.280197
wA6CGreVqfx,WAU-EA1-ROSC,Ross Road CHC,5,-13.210901,8.48867
mMBOQtT1BRi,KAM-MAM-ROTP,Rotain Bana CHP,5,-13.056891,8.854818
S5r8rcY5PUt,MOY-FAK-ROTP,Rotawa CHP,5,-12.381290000000002,8.326939
NxzOaWQdO8q,KAR-SAL-ROTM,Rothatha MCHP,5,-12.304321,9.439022999999999
yOyU3S56Uza,PLT-MAS-ROHM,Rotheren MCHP,5,-12.610546,8.588564
XYW3YOPlWou,PLT-MAS-ROTM,Rothuma MCHP,5,-12.535174999999999,8.595169
h0XcqiX9Hpg,MOY-BUM-ROTC,Rotifunk CHC,5,-12.67885,8.23196
Vu4sr5EJWu3,KAR-SAT-ROLP,Royanka Lol CHP,5,-12.284995,9.195363
UAWRKo2Kktk,BOM-KAM-ROYP,Royeama CHP,5,-12.163791,9.251498
Gz9pk7LoBLA,PLT-MAS-ROYP,Royeiben CHP,5,-12.432504999999999,8.507213
KOiBAyJi8kx,WAU-EA3-SLIL,SLIMS Clinic,5,-13.1568,8.4448
kUYXK0RkpEC,KAI-JAW-SWAL,SWAKAB (Jawei) Clinic,5,-10.3439,8.4651
ZobFw0ksQoP,WAR-WAT-SWAL,SWAKAB (Waterloo) Clinic,5,-13.089730000000001,8.364137999999999
bqquAB6z7lS,PUJ-BAR-SAAM,Saahun (Barri) MCHP,5,-11.417760000000001,7.487952
QQ85VpBSbNa,PUJ-KPA-SAAM,Saahun (Kpaka) MCHP,5,-11.634998999999999,7.286445
PSeGRcmIuRN,KEN-LOW-SAAP,Saama CHP,5,-11.00661,8.280947
aACQUxIzyrx,PUJ-PER-SAAM,Saama Perri MCHP,5,-11.556541,7.207400000000001
zTXZEksLKwS,KOI-NIE-SAFM,Safinia MCHP,5,-11.277292,8.896749
Rtd00y1doNU,BOO-BUM-SAHP,Sahn (Bumpe Ngao) CHP,5,-12.036178999999999,7.7230859999999995
D9VIvlUpZMl,PUJ-MAL-SAHC,Sahn (Malen) CHC,5,-11.842543,7.436939
NpjqmBn5SfE,BOO-NIA-SAHC,Sahn (Niawa Lenga) CHC,5,-11.598030000000001,8.15813
XMLRloyzxt2,MOY-BUM-SAHM,Sahun (Bumpeh) MCHP,5,-12.623850000000001,8.09937
Qps4DwJ8pqa,KON-LEI-SAIP,Saiama (Lei) CHP,5,-10.614840000000001,8.818711
hYMt5yjuVho,KOI-WWB-SAKM,Sakuta MCHP,5,-11.691607,9.661197999999999
COr3HMgx0Cl,WAR-WAT-SALL,Salifu Kondeh Clinic,5,-13.133172,8.374072
AvjS1UY7dry,PUJ-KPN-SALM,Salima Samba MCHP,5,-11.622020000000001,7.479686999999999
YFcW75wzdmH,MOY-KAI-SALP,Salina School Clinic CHP,5,-12.42538,8.163597
WQORJ2KYoEw,KEN-KEC-SAMC,Samai Town CHC,5,-11.165569,7.877253
XXeL36EXx7M,KAM-TON-SAMM,Samaia MCHP,5,-12.66036,9.330096
k0kuGn97H5l,KOI-WWB-SAMM,Samamaia MCHP,5,-11.646920000000001,9.639807
ex50As3HUKI,KON-SAN-SAMM,Samandu MCHP,5,-11.041383999999999,8.95336
vDQRb30DOfJ,WAU-WE3-SAMH,Samaritan Hospital,5,-13.236728,8.488560000000001
aDHVPbS9mRm,KAR-TAS-SAMM,Samaya MCHP,5,-12.393628999999999,9.511863
ax6JAED6TnV,KON-MAF-SAMP,Sambaya (Mafindor) CHP,5,-10.50622,8.72793
d12uaj9l1cZ,BOO-BAG-BUSM,Samie Buma MCHP,5,-11.51992,8.078657999999999
H48QnbVQp1a,KON-KAM-SAMM,Samiquidu MCHP,5,-11.05879,8.694042
Kb5LqgFAPdw,MOY-BUM-SAMP,Samu CHP,5,-12.855590000000001,8.070026
VdLT50SQcxn,BOM-MAC-SANL,Sanda Clinic,5,-12.045435999999999,8.895487
W1Q5qkIVoYb,KEN-GAU-SANM,Sandaru (Gaura) MCHP,5,-11.041490000000001,7.7706100000000005
yT6z31Wihoa,KAI-PEN-SANC,Sandaru (Penguia) CHC,5,-10.707310000000001,8.392106
nhnYGKCVF7t,KAI-LUA-SANP,Sandeyallu CHP,5,-10.465390000000001,8.295752
UDiagbtso7c,KEN-LOW-SANM,Sandeyiema MCHP,5,-11.068100000000001,8.2184
yjw4PwGT7lo,KAI-KIS-SANM,Sandia (Kissi Tongi) MCHP,5,-10.307455,8.388687
wSfvKKnny01,KON-NIM-SANM,Sandia (Nimiyama) MCHP,5,-11.268030999999999,8.642045
ua6Gd3xsPIT,BON-SIT-SANP,Sanhaya CHP,5,-12.791126,7.551825999999999
lOqffBnSXtE,KAR-TAY-SANM,Sanya MCHP,5,-12.3786,9.837050000000001
DJykDhCiPY4,KEN-SMA-SERP,Sarabu CHP,5,-11.285490000000001,7.853820000000001
eeRDV2KBP9O,BON-YAW-SARP,Sargor CHP,5,-12.079455,7.417034999999999
vceeShLAjz4,PUJ-KPN-SAWM,Sawula MCHP,5,-11.73722,7.298073
itH0L4z6fy4,KOI-KAK-SAWP,Sawuria CHP,5,-11.805496999999999,9.482745
bxG89eLgYDZ,WAU-WE3-SCAM,Scan Drive MCHP,5,-13.265656,8.473058
whWapMGS7Xh,WAU-WE3-SECC,Sea Coach Aberdeen CHC,5,-13.274528,8.49301
xYjGCuLscF5,BOO-TIK-SEBM,Sebehun Tarbay MCHP,5,-11.867690000000001,7.7976469999999996
WVcMomcm8Jz,BON-JON-SEGM,Segbwema (Jong) CHP,5,-12.154670999999999,7.562348
BGEnwAji4rp,KAI-NJA-SEGM,Segbwema (Njaluahun) MCHP,5,-10.9544,7.984622
ADOmjElVEss,KON-NIO-SEIM,Seidu MCHP,5,-11.09688,8.728093
QdYaEPOVjwX,KAM-TON-SELM,Sellah Kafta MCHP,5,-12.770190000000001,9.251636
m4jF5fewzk7,BON-JON-SEMP,Semabu (Jong) CHP,5,-12.104363,7.620798
z7ZFFsZvtvb,PUJ-KPA-SEMM,Semabu (Kpaka) MCHP,5,-11.570462,7.0227189999999995
Xddx9vVtMWf,MOY-BAG-SEMC,Sembehun (Bagruwa) CHC,5,-12.537260999999999,7.939050000000001
d1CAFvShtKH,KEN-GAU-SEMM,Sembehun (Gaura) MCHP,5,-10.959731999999999,7.730547
PToNkRZvMMf,KEN-KAN-SEMM,Sembehun (Kandu Leppiama) MCHP,5,-11.32768,8.020813
tMvGPsQL0cI,BON-NON-SEMM,Sembehun (Nongoba Bullom) MCHP,5,-12.176705,7.382979
R7pidsMezSX,BOO-TIK-SEMP,Sembehun 17 (Tikonko) CHP,5,-11.724311,7.780206
QbXGub6urCp,BOO-GBO-SEMC,Sembehun Mamagewoh CHC,5,-11.868324999999999,7.992544
lsVU2l5Wh4H,MOY-BAG-SEMM,Sembehunwo MCHP,5,-12.489276,7.993410000000001
J2sWMBDmLkX,KEN-LOW-SEUM,Sembiema MCHP,5,-11.026855999999999,8.211030000000001
tVWYz2t1CUV,KON-SOA-SEMM,Semendu MCHP,5,-10.619558999999999,8.699997
fMquAvqnrHn,KEN-LOW-SEMM,Semewabu MCHP,5,-11.0527,8.2005
VxbUEj9dpks,PUJ-MAS-SEBM,Senbengu MCHP,5,-11.67074,7.078164999999999
U6SvuFN29Rx,KAR-SAM-SENC,Sendugu CHC,5,-12.630512,9.070552
aWkU08scs0A,KEN-NIA-SENC,Sendumei CHC,5,-11.386800000000001,7.713772
c7iEMbbnVLj,MOY-KAM-SENC,Senehun (Kamajei) CHC,5,-11.948625999999999,8.170078
OZY0S6ARyMi,BON-YAW-SENM,Senehun Gbloh MCHP,5,-12.113330000000001,7.4039
E2mkfTma48l,BOO-BAR-SENM,Senehun Ngolan MCHP,5,-11.867365999999999,7.611577
Pvw13ofBcZg,KOI-WWY-SENP,Senekedugu CHP,5,-11.554300000000001,9.6233
anHx9BuMIvg,PUJ-SOR-SENM,Sengama Soro MCHP,5,-11.437296,7.287592
lvOHGWRB4yR,KAI-LUA-SENP,Sengema (Luawa) CHP,5,-10.578521,8.054789
tXLHGGuiyeS,PUJ-MAL-SENP,Sengema (Malen) CHP,5,-11.7843,7.493200000000001
zb0rGU6Cu0H,BON-KPA-SENM,Senjehun MCHP,5,-12.01407,7.5319
ZSwn1AyFwUW,KON-NIO-SENM,Senjekoro MCHP,5,-11.099829,8.45888
SlCcVZ11mSw,KAM-MAG-SENM,Senthai MCHP,5,-12.886270000000001,9.066798
IhcOrAMCZMP,BOO-BUM-SERC,Serabu (Bumpe Ngao) CHC,5,-12.0515,7.794467
k2VxlgmrLjc,KEN-KOY-SERP,Serabu (Koya) CHP,5,-11.350966999999999,7.603179
stvHIALBnUc,BOO-BUM-SERH,Serabu Mission Hospital,5,-12.0523,7.7946
AsTFTnPJ5OI,FAL-MOR-SEAM,Serekolia CHC,5,-11.076860000000002,9.5348
waokCJ6mo0p,FAL-MON-SERM,Seria CHP,5,-10.921797999999999,9.465442
tVmSo59d6iH,MOY-BUM-SEWM,Seweima MCHP,5,-12.751650000000001,8.187192
MY3uZoV6FOr,KAM-BRA-SHEM,Shekaia MCHP,5,-12.77921,9.308126
Xc1FNPVIrbf,MOY-KAR-SHEC,Shenge CHC,5,-12.95179,7.908526999999999
rRy6v3ideup,KEN-TUN-SENM,Shenge MCHP,5,-11.087074999999999,7.591024999999999
c9YZOqn0l7X,WAU-EA3-SHSH,Shuman (Kissy) Hospital,5,-13.176414999999999,8.466526
KWbrGHDQzyZ,WAU-CE2-SHUH,Shuman (Kroo Bay) Hospital,5,-13.236797,8.487548
vM2OtJf2ylY,KAI-UPB-SIAP,Siama (Upper Bambara) CHP,5,-10.66694,8.040629
NhgVdgRcCCz,KAI-DEA-SIEP,Sienga CHP,5,-10.628210000000001,7.938098999999999
QZASdzp3gIR,PLT-BAK-SIEP,Sierra Leone Church Maforki CHP,5,-12.782900000000001,8.768739
fiA5E4B8JyN,WAU-EA3-SIEH,Sierra Leone Psychiatric Hospital,5,-13.193472,8.465448
cZaCc9ojCQv,WAR-WAT-SIEH,Sierra Leone-China Teaching Hospital,5,-13.143072,8.389315
hCDBnZO8NK8,BON-IMP-RUTH,Sierra Rutile Hospital,5,-12.296360000000002,7.7668479999999995
eG721CCEYYi,WAU-WE3-SIGM,Signal Hill CHP,5,-13.26256,8.481956
feiKlCaBhCd,KON-KOC-SIMM,Simbakoro MCHP,5,-10.92275,8.63883
T36lkmOhEbL,BOO-BOC-SIMP,Simbo Town CHP,5,-11.74051,7.977519
a3bAsPypgUw,KON-GBK-SINM,Sindadu MCHP,5,-10.55382,8.681773999999999
tjInlmI9OjK,WAU-CE2-SISH,Sing Song Hospital,5,-13.240936,8.47835
ZrwjrqT20aG,FAL-DES-SINC,Sinkunia CHC,5,-11.430606,9.860570000000001
kuo7tFJ2EDi,KON-GBE-SMAP,Small Sefadu CHP,5,-10.999400000000001,8.652334
uT9VNmupKrd,BON-BUM-SOGM,Sogballeh MCHP,5,-11.93753,7.420318
CsJpXLeYHZW,KOI-DIA-SOLM,Solia MCHP,5,-11.407793,9.258905
tDYmZy6heS2,WAR-KOY-SONC,Songo CHC,5,-12.930292999999999,8.370612
fJ8BQHjc2Jo,FAL-SUL-SONM,Sonkoya MCHP,5,-11.383239,9.72356
AILvXYwEqbJ,PUJ-KPN-SORM,Sorbeh Grima MCHP,5,-11.771500000000001,7.410676
hgQsHKxZjTH,KAM-SAM-SORM,Soriebolomia MCHP,5,-13.218350000000001,9.058555
XqR4eIvtAgM,BOO-BOC-SPLL,Spllenz Clinic,5,-11.741767,7.964535
qTCbKNPCmlR,WAU-WE1-STAL,St Anthony's CHC,5,-13.245604,8.479758
LZVBj16VyAJ,WAU-WE2-STJL,St John Clinic and Nursing Home,5,-13.240444,8.477538
VtIGkLbvL9u,PLT-KAF-STJP,St John of God CHP,5,-13.2125,8.6258
MGnPzSwS24B,PLT-MAR-STJH,St John of God Hospital,5,-12.524965,8.703538
CJHmLxghjOG,PLT-MAR-STJL,St John of God Under Fives Clinic,5,-12.523729,8.703654
vo2eoEHYiDL,WAU-EA3-STJC,St Joseph's CHC,5,-13.182350000000001,8.468138
otPU27Xa143,BON-BOU-STJL,St Joseph's Clinic,5,-12.501859,7.530888999999999
PylIpdT6LmI,WAU-EA3-STLL,St Luke's Wellington Clinic,5,-13.1706,8.453850000000001
xvyiYYf6sge,WAU-WE3-SMEL,St Mark Evangelical Lutheran Health Centre Clinic,5,-13.263971,8.485152
DFde5yF8kY9,WAU-CE2-STMH,St Mary's Immaculate Hospital,5,-13.236887999999999,8.486703
g3NvN5lKTGj,BOO-BOC-STML,St Monica's Clinic,5,-11.731,7.9491000000000005
Mh0dJ6Etttr,WAU-WE3-STEL,Stella Maris Clinic,5,-13.277870000000002,8.449716
SwarxyJIV1K,BOM-GBA-STOP,Stocco CHP,5,-12.06248,8.890691
Ij2WHJ9pK48,BOM-MAC-STOH,Stocco Leprosy and TB Hospital,5,-12.06079,8.891057
SwF3hNSOe0K,BON-NON-SUBM,Subu MCHP,5,-12.142481,7.291866
Mt2CWUKwWCb,MOY-RIB-SUEP,Suen CHP,5,-12.912970000000001,8.153016
sBLP7T6E0AV,KON-KAM-SUKP,Sukudu (Kamara) CHP,5,-11.0306,8.7599
PN4A0xqLD8l,KON-SOA-SUKM,Sukudu (Soa) MCHP,5,-10.680340000000001,8.504150000000001
HYoUF9Bt0Uv,PUJ-SOR-SULP,Sulima CHP,5,-11.57713,6.96792
GrTTC1Aoq7Y,KOI-NIE-SUMP,Sumbaria CHC,5,-11.3343,8.833300000000001
EDJw8M84hK3,PLT-KOY-SUAP,Sumbuya (Koya) CHP,5,-12.899260000000002,8.420206
v4nbdPq3fTm,BOO-LUG-SUMC,Sumbuya (Lugbu) CHC,5,-11.964120000000001,7.652430000000001
ZxXEXFER4dR,PUJ-KPA-SUMP,Sumbuya Bessima CHP,5,-11.674410000000002,7.182651
kzrEfKibgCJ,KON-GBA-SUNM,Sunga MCHP,5,-10.919025,8.451571
TMiymhV4APd,WAU-WE3-SUNM,Sunshine MCHP,5,-13.241570000000001,8.456792
CTugfv2D07K,WAU-CE1-SUSM,Susan's Bay CHC,5,-13.228710000000001,8.488783999999999
mJ1GkESawIG,WAR-YOR-SUSM,Sussex MCHP,5,-13.231190000000002,8.34707
iqdoxruifMu,WAR-WAT-TECP,TECT Jui CHP,5,-13.13521,8.404308
ih9ZzI1aVCE,MOY-KOW-TABM,Tabe MCHP,5,-11.948457,8.013770000000001
iPNCmPytXXA,PLT-KAF-TAGC,Tagrin CHC,5,-13.144649,8.525566999999999
vaU3S78KYOW,MOY-KOR-TAIC,Taiama (Kori) CHC,5,-12.061223,8.193469
tdts3BKfQ6X,BON-BEN-TIGP,Taigbe CHP,5,-12.367600000000001,7.4114
JLfDPf8iasU,KAI-LUA-TALM,Talia (Luawa) MCHP,5,-10.533271,8.204366
KPbNbmhjU7v,KEN-NON-TALC,Talia (Nongowa) CHC,5,-11.031381,8.04964
kAVfxm3Vqyf,BON-YAW-TALC,Talia (Yawbeko) CHC,5,-12.12982,7.438738
KhHWLMmCYkr,FAL-DEL-TAMM,Tambalia Balia MCHP,5,-10.944592,9.323812
xZGdhrCZjTn,PUJ-BAR-TAMM,Tambeiyama MCHP,5,-11.51411,7.472129
iLD0mXCTJiA,BOM-NGO-TAMP,Tambiama CHP,5,-12.110320000000002,8.994736999999999
hOQQ0w4iYio,PUJ-BAR-TANM,Taninahun (Barri) MCHP,5,-11.408130000000002,7.411683999999999
EU1yoWkbvhi,BOO-BUM-TANP,Taninahun (Bumpe Ngao) CHP,5,-12.086231,7.892888999999999
FqBo1bDMgeV,PUJ-MAL-TANP,Taninahun (Malen) CHP,5,-11.804902,7.548902
RefXGquQ8Ys,PUJ-KPN-TANM,Taninahun Makemuma MCHP,5,-11.688938,7.4179889999999995
ExL4VvhMUN9,MOY-DAS-TANM,Taninihun Kapuima MCHP,5,-12.2303,8.00479
cI2Q6hi95Kp,MOY-KON-TANM,Taninihun Mboka MCHP,5,-12.54105,8.107555999999999
wDiuifXK4Fz,WAU-EA3-TASL,Tasley Global Clinic,5,-13.177840000000002,8.468032
LpkLLNPflex,WAU-EA3-TASM,Tassoh MCHP,5,-13.210144,8.492198
Q245xDTF2No,BON-BUM-TASP,Tassor CHP,5,-12.024090000000001,7.464562
GbUhNOJsOsH,KEN-DAM-TAWM,Tawahun MCHP,5,-11.029199,7.863212
jJLZg8c2bbm,KAM-GBI-TAWM,Tawuya MCHP,5,-12.949950000000001,9.103807999999999
QzNUQjW2Cqe,KON-SAN-TEFP,Tefeya CHC,5,-11.21212,8.706633
yWES5l5KhE7,BON-KWA-TEIP,Tei CHP,5,-12.014978,7.2460309999999994
GP23ynPio0G,BOO-KOM-TERP,Teibor CHP,5,-11.523800000000001,8.244978999999999
oSsvrPJiIW6,BOM-MAC-TEKP,Teko Barracks CHP,5,-12.028755,8.870980000000001
YMTxgvLFyer,BOO-BON-TELP,Telu CHC,5,-11.63879,7.8027109999999995
SGR2i1KjYGA,BOO-BOC-TENM,Tengbewabu MCHP,5,-11.721490000000001,7.947172999999999
EIKQ9PkJy81,KOI-KAM-THEP,Thellia CHP,5,-11.807609,9.957906999999999
aDT30LXiKa3,BOO-TIK-THHP,Theresa Hakim CHP,5,-11.774087999999999,7.955019
cxVkhQUDgvm,WAU-WE3-THOM,Thompson Bay MCHP,5,-13.2725,8.4799
lYWlYb8Wa5l,BOM-MAK-THOP,Thonkoba CHP,5,-12.26562,8.874531
vSUCUnUBiw5,WAU-EA1-THUL,Thullahs Community Health Clinic,5,-13.206797,8.489581
GbsMtRAqWHq,WAU-EA3-THUM,Thunder Hill MCHP,5,-13.187337,8.463721
P0lAE02cbZI,BON-SOG-TIHC,Tihun CHC,5,-12.089340000000002,7.566306
VVmSRUJeP8o,BOO-TIK-TIKC,Tikonko (Bo) CHC,5,-11.78151,7.878328
bKvhbamHGMN,KEN-GAU-TIKM,Tikonko (Gaura) MCHP,5,-11.139944,7.685922
iPu9isEa4ev,KAM-TON-TIMM,Timbo MCHP,5,-12.74764,9.196591
pitFirraeAl,PUJ-SOR-TINM,Tindor MCHP,5,-11.510912999999999,7.055705
qYk6fzapJoy,BON-DEM-TISC,Tissana (Dema) CHC,5,-12.930828,7.574515
CHsT4S6XwcP,BON-JON-TISP,Tissana (Jong) CHP,5,-12.202212999999999,7.572424
CP1LP9WJjrc,WAR-YOR-TISM,Tissana (York Rural) MCHP,5,-13.063732,8.240497999999999
sdiRgxz5uw2,KEN-SMA-TOBC,Tobanda CHC,5,-11.367258,7.79161
aAi0slR7Cku,WAR-YOR-TOKM,Tokeh MCHP,5,-13.191528,8.313968
sNNFqJc8Dnb,KEN-DAM-TOKP,Tokpombu (Dama) CHP,5,-11.010470000000002,7.820754999999999
MfQP72HWDOo,BON-DEM-TOMP,Tombay CHP,5,-12.9055,7.6033
hX9Dw2rcqwl,WAR-YOR-TOMC,Tombo (York Rural) CHC,5,-13.097551999999999,8.217684
HFiSS4By9Pj,KAM-MAM-TOMP,Tombo Wallah CHP,5,-13.120230000000001,8.853420999999999
MaJYVQnriqv,KON-KAM-TOMC,Tombodu CHC,5,-11.01219,8.70208
ZvpBCpzU9z9,PUJ-KPN-TONM,Tongay MCHP,5,-11.72568,7.3689729999999996
hq2wbdr1BZm,KEN-LOW-TONC,Tongo CHC,5,-11.057959,8.215651
Hvc39OjjNNi,KON-NIO-TONM,Tongorma MCHP,5,-11.059771,8.659053
izJwEAXLfbb,KON-TAN-TONM,Tongoro MCHP,5,-10.91496,8.611259
xdP007NWsZa,BOM-MAC-TONP,Tonko CHP,5,-12.03255,8.88888
qRh9iPINxuG,BON-KWA-TOPP,Topain CHP,5,-11.932069,7.286232999999999
TSJLGxhZDe7,BOO-BOC-TOKP,Topkoi Town CHP,5,-11.716460000000001,7.953110000000001
OPjU8PK6L3i,KEN-KEC-TORM,Torkpombu MCHP,5,-11.185410000000001,7.861794
zgpKglY29C3,KON-GOR-TORM,Torkpumbu MCHP,5,-11.098915,8.411762
z3i5hfObhvQ,BON-BUM-TORP,Torma Bum CHP,5,-12.0092,7.414300000000001
ym84ObXwJ6I,BON-NON-TORP,Torma Gbagba CHP,5,-12.242982,7.331493
SYhqs7OhzuQ,BOO-TIK-TOWM,Towama CHP,5,-11.767752999999999,7.930181999999999
rHlZVkBsYS2,WAU-WE2-THSH,Treasure Health Hospital,5,-13.250091,8.468620999999999
MKugGv1rz0j,FAL-MOR-TUBM,Tubah MCHP,5,-11.058458,9.389026
u1q0uV5Gsux,BOO-BAO-TUGP,Tugbebu CHP,5,-11.535703,7.876887999999999
Pn1xG5Sth9C,KOI-KAL-TUKP,Tukolie CHP,5,-11.490642,8.879347
dN5Y1KudFaa,KEN-GOR-TUNC,Tungie CHC,5,-11.506020000000001,8.415965
m0rNsYrnS65,MOY-BUM-ROTH,UMC Rotifunk Hospital,5,-12.677534999999999,8.228161
rlTbtil1zh5,WAU-WE3-UJML,UN Joint Medical Services Clinic,5,-13.272288999999999,8.47769
R9kmRwOvmY0,BOO-BOC-UNIM,UNIMUS MCHP,5,-11.72112,7.956979
vFyCAw8R2RG,WAU-EA3-UPAM,UPAL MCHP,5,-13.152854,8.407570000000002
e1IcSuRhsYl,KON-NIO-UNIL,United Methodist Church Jaiama Clinic,5,-11.090150000000001,8.543940000000001
f0bNYnAN8Yf,BOO-KAK-UNIC,United Methodist Church Manjama CHC,5,-11.728900000000001,8.0145
WRHnd4EE6gS,WAU-EA3-UNIL,United Methodist Church PLHA Kissy Clinic,5,-13.195475,8.475157
uOwKC9Wo2lO,MOY-KOR-UNIP,United Methodist Church Taiama CHP,5,-12.0601,8.2029
fLU8B0i4DS1,WAU-EA3-UNIH,United Methodist Church Urban Centre Hospital,5,-13.195478,8.476073
tQl4eOl1LZT,WAU-EA3-UWAP,Up-Wata CHP,5,-13.189523999999999,8.464871
womKTU7hggt,PUJ-SOW-UPPM,Upper Komende MCHP,5,-11.616560000000002,7.622869
rgAyPXkDt72,BOO-LUG-UPPM,Upper Saama MCHP,5,-11.86171,7.668
J77oAfFzUte,KEN-NON-VAAM,Vaahun MCHP,5,-11.0038,8.027538
qHuVAR7RvCa,PUJ-BAR-VAAM,Vaama (Barri) CHP,5,-11.412450000000002,7.542602
lIWD4NrXMqs,PUJ-KPK-VAAM,Vaama (Kpanga Krim) MCHP,5,-11.795912,7.278853
JJXx4R6nAmo,PUJ-SOW-VAAM,Vaawahun Sowa MCHP,5,-11.535720000000001,7.605219
HQLJj47G71m,PUJ-KPN-VAAM,Vawahun Kayimba MCHP,5,-11.699107999999999,7.3331800000000005
jaXdMufLJJU,KEN-GAU-VENP,Venima CHP,5,-11.11401,7.686223
w4XNF8wQfbI,BOO-TIK-VERM,Veronica MCHP,5,-11.717367999999999,7.931292
eRuFDTOMqks,BON-IMP-VICM,Victoria MCHP,5,-12.3308,7.64634
FIDQyRXTmjC,KAI-KIS-VOAP,Voahun CHP,5,-10.342680000000001,8.234878
JVKI40RJxS6,PUJ-SOR-WAIM,Wai MCHP,5,-11.454220000000001,7.04738
csYd06KVCT0,KOI-DIA-WAIM,Waia MCHP,5,-11.690750999999999,9.132173
gXXvTbKUMmd,BON-NON-WAIM,Waiba MCHP,5,-12.189008999999999,7.390480000000001
DU9u0ytWieh,PUJ-BAR-WAIM,Waiima (Barri) MCHP,5,-11.453011,7.446809
ncdPawF6VP1,MOY-KOR-WAIM,Waiima (Kori) MCHP,5,-12.026900999999999,8.239249
qkU8rh9x83z,FAL-MON-WALM,Walia MCHP,5,-10.9604,9.654887
Op4bPQHw8ud,BOO-BUM-WALM,Walihun (Bumpe Ngao) MCHP,5,-12.091792,7.768280000000001
CRrvtqHj2LF,KON-NIM-WALM,Walihun (Nimiyama) MCHP,5,-11.335310000000002,8.57517
KttwqaWiOB4,BOO-BOC-WMAL,Walk In Medical Associate Clinic,5,-11.749749,7.952076
Ycz0uPpB9O0,KOI-WWY-WWFL,Wara Wara Faith Clinic,5,-11.5568,9.584200000000001
Xfd8DsFYuvu,PLT-KOY-WARM,Warima (Koya) MCHP,5,-12.63804,8.489972
ZxIu2oJOs23,TON-MAS-WARM,Warrima (Gbonkolenken) MCHP,5,-11.931458,8.444398
OCuhoZXrcns,WAR-WAT-WATC,Waterloo CHC,5,-13.073780000000001,8.335989
haRFWIqJl97,WAR-WAT-WRCH,Waterloo Rural Community Hospital,5,-13.073789,8.335116
fkxcG28sDlQ,BOO-TIK-WCHL,We Care Health Centre Clinic,5,-11.769060999999999,7.9501800000000005
kSLcEBVJFgO,KON-GBE-WELL,Well Body Clinic,5,-10.960790000000001,8.65977
B8dLwHRWt2v,WAU-WE3-WWOL,Well Woman Clinic,5,-13.287721999999999,8.492944999999999
w2uh2oZ1HyV,WAU-EA3-WELC,Wellington CHC,5,-13.167667999999999,8.447856
pnMrzmoaNcR,WAU-EA3-WESL,Wesleyan Health Clinic,5,-13.1807,8.468
te8a9I2EWco,WAU-CE2-WESL,West End Clinic,5,-13.242296999999999,8.481888999999999
GOTj0vfkDea,KON-TAN-WHIL,White House Clinic,5,-10.98146,8.64471
dqIGItvlTUR,WAR-WAT-WHIM,White Stone MCHP,5,-13.074777,8.34084
MX8G69Ps1I3,KEN-LOW-WEIC,Wiema CHC,5,-10.94616,8.16741
x5F5jb5ngTR,WAU-WE3-WILH,Wilberforce 34 Military Hospital,5,-13.2561,8.464
Q1wR5BTWm69,WAU-WE3-WILC,Wilberforce CHC,5,-13.264517,8.4757
gfNgPVMWBA6,KON-TAN-WOAP,Woama CHP,5,-10.932070999999999,8.551362
xFpommcETBj,WAU-CE1-WOHL,Women Health Centre Clinic,5,-13.230027999999999,8.481323999999999
fef72gxi7FR,WAR-WAT-WINL,Women in National Development AAPDEP Clinic,5,-13.115597999999999,8.384580999999999
cM75UAdHqrd,TON-KUB-WONM,Wonkibor MCHP,5,-11.61823,8.59589
QjwkBbZd2qm,KON-SAN-WORP,Wordu CHP,5,-11.09983,8.937460000000002
CahSQHDDAmZ,KAI-PEN-WORP,Woroma CHP,5,-10.7125,8.258491
YDK4ccKVgyP,KOI-KAL-WORM,Worombalia MCHP,5,-11.408510000000001,8.979896
gDfwiVKDciP,KAR-ROM-WORM,Worreh Bana MCHP,5,-12.360890000000001,8.85209
sA9l1WNHWIx,KAM-GBI-WORM,Worreh MCHP,5,-12.974050000000002,9.086076
DA3Zg2ksUqT,KEN-LAN-WOYM,Woyama MCHP,5,-11.474321,7.691063
R3JdvLkfi4i,KAM-MAG-WULM,Wullah Thenkle MCHP,5,-12.921211,8.964637
ugbIojEaR94,KEN-LAN-YABP,Yabaima CHP,5,-11.476030000000002,7.640880000000001
VYCw9wINwD5,BOM-MAK-YAIM,Yainkassa CHP,5,-12.31131,8.796270000000002
rVXVZ0q1RYR,BOO-BAO-YAKM,Yakaji MCHP,5,-11.427316999999999,8.003775
k88nbPWIklE,BOO-BAO-YAMC,Yamandu CHC,5,-11.489260000000002,7.9341800000000005
zbJeIizhDXa,BOO-LUG-YAMM,Yambama CHP,5,-11.891580000000001,7.654050000000001
RiFTWljMl0H,WAR-WAT-YAMP,Yams Farm CHP,5,-13.130301,8.387640000000001
xtHRzrJ4A6B,KOI-DIA-YARP,Yara CHP,5,-11.5822,9.270100000000001
NKV8oBfnwwN,FAL-KUL-YARM,Yarawadu MCHP,5,-10.646033,9.044229
Bi4MDLYeERL,KON-SAN-YARM,Yardu CHC,5,-10.983730000000001,8.789837
N75uVU7okY4,BON-IMP-YARP,Yargoi CHP,5,-12.3374,7.5738
ziw8Orf4BwN,KOI-WWY-YATP,Yataya CHP,5,-11.593565,9.577874999999999
T1uNbbVosvn,KAM-TON-YEBM,Yebaya MCHP,5,-12.60223,9.308584999999999
UrXt3MKAUH8,TON-YEL-YEBM,Yeben MCHP,5,-11.993300000000001,8.400181
T5f5BZwnlGX,KON-FIA-YEKM,Yekior MCHP,5,-10.87798,8.575852
bjb3A5uyZOo,TON-YEL-YELC,Yele CHC,5,-11.833020000000001,8.414095
cbAgiJUDf8X,KAM-SAM-YELP,Yelieboya CHP,5,-13.261374,8.952461999999999
fmffr8K9TD3,BOO-BOC-YEMC,Yemoh Town CHC,5,-11.723296999999999,7.964258
MDGqDFsx4WL,BOO-BUM-YENM,Yengema (Bumpe Ngao) MCHP,5,-12.015353,7.8232029999999995
s0iB34MUnQt,KON-NIO-YENC,Yengema (Nimikoro) CHC,5,-11.042530000000001,8.616507
SGXCftbQZef,MOY-BUM-YENM,Yenkessa MCHP,5,-12.634739,8.157252999999999
sQ6tI670fpn,KOI-DIA-YIBM,Yiben MCHP,5,-11.670660999999999,9.211053
KBBDp91NEXm,KOI-NIE-YIFC,Yiffin CHC,5,-11.269285,9.123097999999999
oi6lf4ut5MO,FAL-KAM-YIRP,Yiraia CHP,5,-11.253260000000001,9.453242999999999
NraSF9u51eI,PLT-KAF-YONP,Yongoro CHC,5,-13.201450000000001,8.592130000000001
GauruAG1eVX,BOM-GBA-YONP,Yoni (Gbanti) CHP,5,-12.055050000000001,8.936670000000001
ihGsbbkS5VU,BON-SIT-YONC,Yoni (Sittia) CHC,5,-12.52547,7.47644
tSlUG63gl6f,TON-YMM-YONM,Yonibana MCHP,5,-12.243540000000001,8.439390000000001
JueNDc2SGEU,TON-YMM-YOSH,Yonibana Sai Clinic,5,-12.246984,8.458404999999999
T8HvVSGrHKe,MOY-KAR-YORM,Yorgborfore CHC,5,-12.8331,7.8653
xMjjQReRrVm,WAR-YOR-YORC,York CHC,5,-13.178868,8.285744
VAU6TFLlP9j,BON-BOU-YORP,York Island CHP,5,-12.506331,7.529217
hBLezWjZOOO,KON-SAN-YORC,Yormandu CHC,5,-11.101828999999999,8.7393
JFvqE6MabQd,MOY-KAR-YOUP,Youndu CHP,5,-12.862525,8.008985
ouaV0rZ0NoJ,KAI-MAN-YOYP,Yoyah CHP,5,-10.7706,7.927665999999999
jO1BwD3nVh6,MOY-KAI-YOYM,Yoyema MCHP,5,-12.494750000000002,8.172920000000001
RHd1kHLlIQS,PUJ-MAK-ZIMC,Zimmi CHC,5,-11.309080000000002,7.321193
IgJiHP4PTT6,BOO-TIK-ZIOC,Zion CHC,5,-11.79855,7.987181
